name,phone,totalDebt,minimumAccept,status,persona
Michelle Smith,1558032881,45154.36,23359.97,PENDING,cooperative
Casey Thomas,5443411295,175983.89,94025.36,PENDING,cooperative
Patricia Kim,7954011254,103064.22,66424.82,PENDING,cooperative
Andrea Garcia,4495027729,215639.96,69443.95,PENDING,high_risk
Michelle Gonzalez,7126625902,139906.91,94413.39,PENDING,resistant
Anthony Jackson,3374597693,247965.42,139280.88,PENDING,high_risk
Maureen Burch,0681395911,281272.95,112491.17,PENDING,delayed
Richard Hunter,0891936857,134190.21,86041.0,PENDING,delayed
Robert Thomas,7211260895,200814.83,85072.39,PENDING,cooperative
Robert Baker,4692098918,267289.05,175290.11,PENDING,cooperative
Eric Graham,4485974699,275900.52,160629.81,PENDING,delayed
Kimberly Chavez,1465241646,197280.68,109071.44,PENDING,cooperative
Walter Doyle,5525737629,17275.42,8147.7,PENDING,cooperative
Cynthia White,3311318499,194262.8,133751.75,PENDING,delayed
Kyle David,5954404150,31163.68,12105.31,PENDING,cooperative
Chad Weaver,9297648322,249536.01,152315.17,PENDING,delayed
Sean Pearson,9727074015,245466.54,113035.93,PENDING,cooperative
Kevin Daniels,0823046681,215372.65,72692.06,PENDING,cooperative
Ronald Thompson,2946343656,204466.14,104432.84,PENDING,resistant
Andrew Phillips,7000832736,233189.04,80475.19,PENDING,cooperative
Norma Cowan,1809898093,100429.89,63409.74,PENDING,resistant
Deborah Brewer,1078731742,57649.06,32954.89,PENDING,resistant
Kelly Davila,4750734947,82898.59,55437.43,PENDING,cooperative
Max King,3537489620,235781.71,116153.26,PENDING,delayed
Danielle Walker DVM,5972367002,284262.84,126677.52,PENDING,delayed
Madeline Meyer,8020823256,35740.86,23722.09,PENDING,cooperative
Sarah Bailey,0303969073,128598.57,64064.58,PENDING,high_risk
Nicholas Johnson,1939482067,23200.34,7181.6,PENDING,cooperative
Amanda Roman,6719573614,139372.47,66196.39,PENDING,resistant
Amy Thompson,3772062677,208451.72,62911.2,PENDING,delayed
Michael Gibson,8124635628,153885.63,68551.35,PENDING,resistant
Anthony Branch,5611048088,36850.65,19701.91,PENDING,resistant
John Moore,4257799503,168350.23,117810.39,PENDING,cooperative
Katie Mclaughlin,4673406326,262577.91,138809.1,PENDING,cooperative
Michael Brown,6799705250,12907.18,8919.6,PENDING,high_risk
Mark Perkins,6936773249,123267.63,69560.12,PENDING,cooperative
Dana Vang,0795497038,152192.6,82112.96,PENDING,high_risk
Julie Hoover,5509978973,194655.95,110754.98,PENDING,delayed
Dana Elliott DVM,9743506931,33345.68,17507.13,PENDING,delayed
Christine Shields,2211717255,95074.73,29951.46,PENDING,cooperative
William Jones,7865710041,282917.41,111727.44,PENDING,resistant
Jordan Contreras,7586100735,42695.55,25590.42,PENDING,cooperative
Lisa Cook,7662653881,31204.02,13140.76,PENDING,delayed
Paul Buckley,6725834314,282579.03,171640.84,PENDING,resistant
Matthew James,6748059456,11597.39,6965.62,PENDING,delayed
Deborah Austin,5479234314,58415.22,31645.94,PENDING,cooperative
Julie Anderson,0158798490,115750.93,48678.88,PENDING,delayed
Lisa Harrison,1723697951,261398.7,130593.19,PENDING,cooperative
Kylie Rivera,6988047686,164118.9,71884.01,PENDING,delayed
Stephen Anderson Jr.,3343546383,30150.33,13473.31,PENDING,cooperative
Vincent Jackson,2545657788,289249.96,173199.48,PENDING,delayed
Carlos Contreras,8957186726,110164.65,57772.96,PENDING,cooperative
Patricia Wilson,7367309636,65974.11,20323.64,PENDING,resistant
Jennifer Walker,3734950379,139790.64,79053.49,PENDING,resistant
Shelley Harvey,6583511460,146356.33,100819.3,PENDING,cooperative
Stacey Hardy,7854216441,107523.86,39609.39,PENDING,cooperative
Stephanie Davis,0591038839,84609.47,46838.03,PENDING,high_risk
Toni Hobbs,9599548409,123812.09,80573.24,PENDING,cooperative
Justin Smith,6351037212,157738.77,76067.63,PENDING,resistant
Jasmine Parker,8134942493,123722.33,53762.68,PENDING,delayed
Juan Edwards,0440653243,172154.47,54541.33,PENDING,cooperative
Steven Ramirez,0136564949,225813.46,94358.44,PENDING,delayed
Donald Terry,7967063250,142046.74,53170.76,PENDING,delayed
Christina White,6491189729,102339.47,37725.63,PENDING,cooperative
Melanie Hurst,7004051278,46867.04,18135.42,PENDING,cooperative
Michael Smith,3917312571,36244.96,19929.01,PENDING,delayed
Ryan Stein,9363789228,293067.03,155404.83,PENDING,delayed
Dr. Ashley Harding,5038449062,36486.9,18625.25,PENDING,high_risk
Virginia Taylor,7735741275,59629.22,21070.86,PENDING,cooperative
Rebecca Robinson,5206478872,75937.38,30138.69,PENDING,cooperative
Misty White,5027121763,260569.43,108663.77,PENDING,cooperative
Jack Dorsey,4639554052,33063.13,10006.93,PENDING,cooperative
Isaiah Smith,7060029661,18328.59,6837.79,PENDING,delayed
Sophia Gray,2643200702,59086.93,38979.41,PENDING,delayed
Tim Wilson,1012645809,20478.12,9539.61,PENDING,resistant
Brad Estrada,0364320400,34917.82,13532.73,PENDING,cooperative
Anthony Melton,0064911056,163542.67,108012.14,PENDING,cooperative
Daniel Hudson,5632052372,189735.27,110929.02,PENDING,cooperative
Tanya Newton,5201892867,9960.64,6860.71,PENDING,cooperative
Sherry Walker,7995385807,133915.63,46201.2,PENDING,delayed
Amanda Moore,2100904908,41437.3,12808.55,PENDING,cooperative
Joanne Fuller,0354188616,65132.43,39860.9,PENDING,cooperative
Grant Joseph,4939628284,185700.72,59887.01,PENDING,high_risk
Matthew Perry,8003317683,54286.87,26139.54,PENDING,resistant
Sherri Cook,5745237813,140569.05,86869.95,PENDING,delayed
Rhonda Flowers,4282585185,166887.19,104396.8,PENDING,delayed
Curtis Phillips,3994845307,203980.94,133604.08,PENDING,delayed
James Lara,4416629065,265051.35,136029.04,PENDING,cooperative
Jennifer Koch,9630222877,248454.9,132630.02,PENDING,resistant
Garrett Smith,1862774256,140622.76,66884.49,PENDING,cooperative
Crystal Little,1515281650,166085.53,97813.2,PENDING,delayed
Courtney Gonzalez MD,1893450144,163303.54,50263.99,PENDING,delayed
Robert Nichols,5117932238,255984.16,133382.91,PENDING,cooperative
Kyle Torres,7408059406,7730.45,3313.34,PENDING,high_risk
Trevor Jenkins,2460289936,203831.67,95409.77,PENDING,delayed
Michael Bryant,6190834690,121132.7,43348.63,PENDING,cooperative
Stephanie Sanders,7934163003,84570.68,30146.26,PENDING,cooperative
Christine Bradley,5347895770,88710.14,51418.61,PENDING,resistant
Pamela Hunter,8839672929,45072.78,17682.18,PENDING,cooperative
Jennifer Downs,5766114131,97065.45,57158.54,PENDING,resistant
Kimberly Scott,9689838079,216318.61,109172.4,PENDING,resistant
Michael Gregory,0596565013,221338.03,98169.02,PENDING,delayed
Ashley Matthews,2068343319,264204.96,130505.67,PENDING,cooperative
Sandra Clements,3765234546,194362.1,126250.36,PENDING,resistant
Erik Torres,9961831201,103672.79,35052.8,PENDING,delayed
Lynn Chavez,2110588561,115684.78,54022.4,PENDING,resistant
Matthew Harrington,9402967032,299854.85,195011.17,PENDING,high_risk
Johnny Hall,9534775831,110994.14,64223.33,PENDING,cooperative
Eric Jones,7205191676,101600.04,51005.35,PENDING,high_risk
Laura Everett,9399584996,63653.42,42238.54,PENDING,resistant
Amy Andersen,7187348693,167863.27,53187.99,PENDING,delayed
Kathy Walters,0158923841,284789.61,194960.63,PENDING,delayed
Autumn Ferguson,9731799095,154554.93,47531.43,PENDING,delayed
Bruce Pittman,2607314477,104353.44,44974.58,PENDING,resistant
Christina Ortiz,1586172202,273440.0,138877.68,PENDING,resistant
Lorraine Nixon,9785432668,222232.23,87028.5,PENDING,cooperative
Jeffrey Barr,7762537930,125178.18,82312.6,PENDING,cooperative
Natalie Ortiz,3020429144,178638.39,73106.31,PENDING,high_risk
Joshua Salazar,0878795835,264379.19,175676.1,PENDING,cooperative
Melissa Morgan,6306130035,71681.6,22455.33,PENDING,cooperative
Richard Bowers,6564683871,12718.11,6558.84,PENDING,cooperative
Yesenia Young,4454346517,160067.43,84028.1,PENDING,high_risk
Lauren Matthews,2561814994,218443.62,110543.61,PENDING,resistant
Richard Mitchell,1107315722,198683.01,128130.57,PENDING,high_risk
Logan Cunningham,2492748685,156259.22,84910.69,PENDING,resistant
Jonathan Lee,5482691169,160080.86,50012.92,PENDING,delayed
Carla Tucker,3215075603,146082.01,74729.15,PENDING,high_risk
Jason Powell,4639576809,206161.71,132373.78,PENDING,delayed
Olivia Kaufman,7773039285,277816.36,124777.44,PENDING,cooperative
Carla Norris,3692381936,258644.39,108535.78,PENDING,delayed
Joel Williams,3719101309,144777.31,44575.13,PENDING,resistant
Lindsey Rich,8393419934,195081.43,85568.38,PENDING,cooperative
Shannon Ochoa,0534617034,154485.66,86871.43,PENDING,high_risk
Christine Bailey,9965392109,98043.97,64476.34,PENDING,cooperative
Susan Hill,0863529422,277991.79,151654.61,PENDING,resistant
Bruce Payne,4517567017,219128.34,110308.08,PENDING,cooperative
Ann Moore DDS,4545569182,24802.95,9345.48,PENDING,cooperative
Andre Diaz,5652473393,45202.15,18083.23,PENDING,high_risk
Mary Walsh,0793575374,239918.69,136359.95,PENDING,cooperative
Shelby Schultz,6829938655,126710.19,43749.4,PENDING,cooperative
Shawn Heath,6167770298,265149.98,106263.35,PENDING,delayed
Timothy Ramirez,7190665772,241547.9,145305.22,PENDING,delayed
Christopher Hoffman,5920005678,250521.77,98956.37,PENDING,delayed
Janet Weber,0478678488,177621.54,66656.09,PENDING,delayed
Michael Wright,1051924962,108586.8,74559.47,PENDING,delayed
Johnny Ramos,4455623387,75019.34,43920.62,PENDING,resistant
Susan Conrad,1449511070,130714.68,66498.07,PENDING,delayed
Douglas English,9171777316,189926.66,99173.73,PENDING,high_risk
Jeffrey Jones DDS,0563061286,61724.79,33100.0,PENDING,resistant
Donald Mayo,8811620569,232361.38,79319.92,PENDING,cooperative
Bethany Phillips,5926085730,219877.14,108570.8,PENDING,delayed
Donna Terry,7808081417,214118.16,96578.19,PENDING,delayed
Stephen Martinez,1612167152,47579.73,19500.61,PENDING,resistant
April Lucero,9688269862,138571.92,81165.2,PENDING,cooperative
Alicia Cooper,6848668016,274117.04,89576.58,PENDING,high_risk
Sarah Hughes,8482764223,38138.6,13249.94,PENDING,resistant
Brittany Matthews,1826567312,241611.9,133454.68,PENDING,cooperative
Barbara Wiley,4983997825,283273.04,114483.83,PENDING,resistant
Timothy Calderon,0057936506,12429.41,6831.43,PENDING,delayed
Heather Frost,3802543045,125949.6,62294.29,PENDING,cooperative
Brian Barrett,8448400889,286328.32,159571.85,PENDING,delayed
Adam Bryant,4599343747,147812.5,54214.72,PENDING,delayed
Samuel Copeland,9640524582,232113.77,123250.33,PENDING,cooperative
Catherine Woods,2472662654,205001.52,123658.26,PENDING,delayed
John Cook,5152439681,90062.37,37745.4,PENDING,cooperative
John Lowe,9696112499,160493.08,90677.93,PENDING,high_risk
Evan Contreras,1376924353,267648.44,152755.61,PENDING,cooperative
Isabel Ford,1318212210,100471.68,62704.79,PENDING,delayed
Shawn Cortez,9023824273,5294.51,3411.63,PENDING,resistant
Brianna Hall,8157031561,203097.3,86311.7,PENDING,cooperative
Melanie Coffey,0746858022,174464.32,67920.74,PENDING,cooperative
William Mccall,7824075804,245288.03,97917.55,PENDING,cooperative
Robert Fisher,2343304883,10867.66,7487.72,PENDING,cooperative
Isaiah Zhang,6945978510,190013.04,104421.18,PENDING,high_risk
Crystal Duffy,6804481845,173706.69,72566.17,PENDING,cooperative
Sherry Richardson,2503943363,280813.04,178033.55,PENDING,delayed
Melissa Gomez,5034576702,67093.36,25300.42,PENDING,cooperative
Daniel Escobar,8954047222,152951.84,86673.13,PENDING,cooperative
Michael Atkins,6187513956,294404.89,98564.58,PENDING,resistant
Christopher Davis,3985548767,201194.23,88006.75,PENDING,cooperative
Bobby Johnson,4408926702,137414.56,67612.51,PENDING,cooperative
Tricia Werner,3540747972,204189.75,132452.45,PENDING,delayed
Brian Hanson,3535954861,110892.85,41837.39,PENDING,delayed
Michael Jackson,8135032858,53334.46,30822.02,PENDING,delayed
Trevor Anderson,7598802249,32017.18,10603.26,PENDING,resistant
Christopher Smith,2296581378,145931.09,60923.74,PENDING,delayed
Terry Salazar,3055003311,36749.51,21550.36,PENDING,high_risk
Shannon Obrien,4836689104,168930.37,65423.97,PENDING,resistant
Kimberly Dawson,2560493835,274047.36,189719.49,PENDING,resistant
Allison Smith,9138442871,108734.91,63974.14,PENDING,delayed
Jared Sims,1473984477,112682.42,50937.16,PENDING,cooperative
Carol Irwin,7831299237,136449.83,86513.38,PENDING,cooperative
Mark Miller,9027223569,90076.31,56350.87,PENDING,resistant
Lisa Hunt,1164159655,73499.53,34301.41,PENDING,high_risk
Karen Harris,9787223664,264906.35,132088.13,PENDING,high_risk
Scott Clark,2849325302,75669.48,31407.35,PENDING,cooperative
Steven Ferguson,3249025080,166116.61,107078.6,PENDING,delayed
Teresa Stevens,8213317552,44723.38,31269.18,PENDING,resistant
Jeremiah Jackson,0907039144,118894.87,62840.63,PENDING,cooperative
Donald Nash,3427153966,290603.09,170735.26,PENDING,cooperative
Natalie Campbell,0197681919,35298.69,18889.12,PENDING,cooperative
Julie Simon,5645855047,181031.03,103453.92,PENDING,cooperative
Scott Bell,4457064802,106154.58,72960.57,PENDING,cooperative
Connie Edwards,6853447717,170751.54,66911.46,PENDING,delayed
Dr. Michael Harper,8400493063,100856.7,55221.91,PENDING,cooperative
Taylor Burke,7753659139,166090.11,67949.93,PENDING,cooperative
Joshua Lara,5537228014,163397.64,89735.38,PENDING,cooperative
Michael Koch,7048447469,209325.59,123322.91,PENDING,high_risk
Matthew Johnson,9217285843,270680.67,183276.29,PENDING,cooperative
Tammy James,7252335597,178329.85,114729.8,PENDING,cooperative
Samantha Smith,9961872936,118192.98,55257.02,PENDING,delayed
Morgan Brown,4846881753,76553.45,47739.32,PENDING,cooperative
Jesus Miller,3035433434,133928.35,47827.99,PENDING,delayed
Claudia Carpenter,3382190449,250441.34,168043.2,PENDING,cooperative
Katherine Wilson,6067942547,171615.25,68868.52,PENDING,delayed
Julia Murray,7567690504,72674.65,39226.59,PENDING,delayed
Donald Rodriguez,9852459536,84901.51,56614.8,PENDING,resistant
Kelsey Hopkins,7275469958,12676.98,5126.74,PENDING,resistant
Heather Barr,3921017282,186030.09,80496.36,PENDING,resistant
Stacy Rivera,8516135971,97404.46,56773.75,PENDING,high_risk
Tina Wood,0684274534,199389.54,65067.27,PENDING,resistant
Marie Perez,3651620057,281374.95,158888.34,PENDING,cooperative
Isabella Thomas,4571296321,46841.66,30591.7,PENDING,cooperative
Mary Scott,0609285135,15938.53,5177.12,PENDING,cooperative
Monica Watson,8459182111,244237.02,83121.42,PENDING,high_risk
Wendy Shepherd,4177257729,205177.83,86250.35,PENDING,cooperative
Joe King,2209609151,31300.08,13607.81,PENDING,cooperative
Amy Sullivan,6354143283,186462.01,90790.31,PENDING,delayed
Amber Brown,3214787153,259510.77,112006.75,PENDING,delayed
Shaun Wolf,0985250839,50259.46,34428.43,PENDING,resistant
Scott Farrell,2887985820,181888.93,91740.24,PENDING,resistant
William Shepherd,9167940327,278136.21,179574.91,PENDING,delayed
Elijah Cortez,1144218437,286239.37,166294.71,PENDING,high_risk
Douglas Davis,0596187056,165655.05,98346.4,PENDING,delayed
Stacy Randolph,7514228711,281210.74,184255.08,PENDING,cooperative
Kelly Hopkins,5011243302,162154.23,87070.8,PENDING,delayed
Michele Martinez,3039047185,256277.0,100227.01,PENDING,cooperative
Kristina Moore,8374719776,77879.53,23933.17,PENDING,delayed
Angela Baldwin,4538176737,286402.28,190413.71,PENDING,resistant
Christopher Williams,6106779865,23771.75,10217.71,PENDING,cooperative
Hunter Johnson,9173056490,199206.77,104349.04,PENDING,cooperative
Debra Ayers,2288930444,185178.3,65928.39,PENDING,high_risk
Gina Wilson,5889443968,258495.99,149435.27,PENDING,resistant
Jason Johnson,3933598781,27497.06,9447.46,PENDING,high_risk
Amy Nguyen,5658067843,249126.44,91391.58,PENDING,cooperative
Lisa White MD,2374178530,210081.47,140727.81,PENDING,delayed
Brandi Martin,9807736771,44582.68,26270.21,PENDING,cooperative
Cheryl Flores,8260248814,111714.58,76019.89,PENDING,delayed
Nicole Cook,6062296234,237836.86,150102.16,PENDING,cooperative
Amy Hayes,6824123643,139364.38,89033.12,PENDING,cooperative
Diana Hernandez,4450740311,123137.29,60595.55,PENDING,resistant
Timothy Rogers IV,6946688405,191750.88,63615.93,PENDING,delayed
Jose Kelley,6652983850,211985.13,67280.5,PENDING,delayed
Jennifer Ryan,3967743471,73905.77,48034.74,PENDING,high_risk
Jason Johnson,9618030899,283070.38,166557.09,PENDING,cooperative
Rebecca Hunt,7234049286,5787.37,3847.74,PENDING,delayed
Kathleen Marquez,7991523001,197514.21,129662.15,PENDING,delayed
David Jordan,2788034527,296735.14,173255.98,PENDING,cooperative
Sarah Clark,3418399957,196876.73,99504.63,PENDING,cooperative
Kimberly Phillips,4879554827,18889.61,11646.3,PENDING,cooperative
Michael Burton,6130628902,174341.66,58517.52,PENDING,delayed
Jack Moran,2366276326,224857.96,87518.15,PENDING,resistant
John Lowe,4581195424,225819.49,73468.54,PENDING,high_risk
Ruth Long,4322015797,283192.03,115162.02,PENDING,delayed
Tony Rivera,1452686532,140212.1,57804.82,PENDING,delayed
Monica Fisher,1625183285,8052.0,2893.51,PENDING,delayed
Thomas Martin,8736912430,125883.44,63647.45,PENDING,delayed
Todd Carter,6993381586,17765.88,10322.76,PENDING,high_risk
Maria Gray,1790157980,97790.11,50403.27,PENDING,delayed
Sandra Turner,0884709665,18854.52,11072.01,PENDING,delayed
Melissa Johnson,8094057656,129490.0,46758.82,PENDING,high_risk
Hannah Houston,4393283274,287039.65,136937.0,PENDING,high_risk
Martin Williams,8598299576,114884.65,54333.8,PENDING,resistant
Mrs. Hannah Watson,4578458345,78821.72,55121.01,PENDING,cooperative
Eric Crawford,2342912256,246128.23,155934.92,PENDING,delayed
Andrew Myers,9088035029,140673.53,61658.49,PENDING,resistant
Sheri Hughes,2263932569,296665.44,205192.14,PENDING,resistant
Jennifer Herrera,3668964785,86227.7,53037.64,PENDING,cooperative
Richard Robinson,7200612479,90388.18,41671.75,PENDING,resistant
Lisa Powell,1620887150,78043.38,33814.9,PENDING,delayed
Benjamin Greer,3980840741,193619.81,112552.45,PENDING,resistant
Brianna Hill,2608694685,120128.14,67124.24,PENDING,resistant
Dawn Kelley,6614432219,244915.49,120016.33,PENDING,cooperative
Jade Chen,7689437339,137427.81,92555.86,PENDING,cooperative
Penny Madden,1713084721,125110.95,44143.45,PENDING,cooperative
Timothy Boyd,9826689487,86223.81,52260.52,PENDING,high_risk
Sara Christian,0179956771,248814.27,143972.42,PENDING,cooperative
Eugene Fernandez,9952004509,91848.31,59723.76,PENDING,cooperative
Cassandra Wilson,1673139692,197786.01,126591.85,PENDING,resistant
Melissa Wright,2170285470,189509.05,118815.54,PENDING,resistant
Tamara West DVM,7178069109,268996.67,170091.78,PENDING,delayed
Nicholas Boyle,4834267072,104526.14,44690.34,PENDING,high_risk
Dylan Trujillo,2188637800,259268.74,95955.13,PENDING,delayed
Christina Johnson,3269073220,89006.15,56366.11,PENDING,delayed
Erin Meyer,0410686736,24675.89,11231.48,PENDING,resistant
Christopher Martinez,7890614653,206448.46,95879.33,PENDING,resistant
Omar Berg,3461683469,20590.35,12031.8,PENDING,cooperative
Sandy Holmes MD,3394389765,19243.11,6744.45,PENDING,high_risk
Jenna Lewis,0073171454,43324.66,29623.53,PENDING,cooperative
Aaron Jackson,3727736834,282518.26,166575.47,PENDING,delayed
Jason Mitchell MD,6665593847,234733.59,105089.99,PENDING,cooperative
Cory Peterson,8842771417,293664.77,158121.11,PENDING,delayed
George Fuller,7678583501,222064.16,96816.41,PENDING,delayed
Sara Garcia,9540910528,83405.71,36063.34,PENDING,delayed
Monica Wang,3718624978,81495.58,36084.39,PENDING,delayed
Jon Banks,3520973217,30731.45,10091.25,PENDING,delayed
Nicole Ward,3857139371,22020.92,15178.68,PENDING,cooperative
Christopher Powers,0569737709,47017.86,20707.41,PENDING,delayed
Tabitha Hill,7745807465,136911.83,69805.22,PENDING,delayed
Janice Ramirez,5458687855,84657.83,36305.57,PENDING,resistant
Frank Pace,3192035505,22529.84,9712.54,PENDING,high_risk
April Davis,4668451413,147687.49,65600.56,PENDING,delayed
Susan Ball,6981073114,117434.63,36569.54,PENDING,resistant
Maria Henderson,6505858839,30754.98,12724.84,PENDING,cooperative
Becky Thomas,6066171617,285230.87,123182.39,PENDING,resistant
Eric Reed,2066633262,65364.34,37800.79,PENDING,resistant
Steven Wheeler,1704856548,97796.03,52048.5,PENDING,delayed
Martin Moore,1227774079,8807.91,4034.93,PENDING,high_risk
Shelby Nichols,6892667229,14278.09,7924.29,PENDING,cooperative
Kevin Yates,5714962503,288678.85,97913.11,PENDING,delayed
Hunter Freeman,4356954702,84766.16,28872.64,PENDING,delayed
Nicholas Gonzalez,0819795513,143826.25,72973.51,PENDING,high_risk
Lisa Robinson,0222831441,120296.26,49373.85,PENDING,delayed
Pamela Walters,7548384902,103312.46,62891.9,PENDING,delayed
Jim Andrews,1524060032,179001.3,82342.23,PENDING,high_risk
Frank Atkinson,3163511265,273485.85,171655.41,PENDING,cooperative
Kathleen Prince,5165615852,17840.85,10348.66,PENDING,cooperative
Jeremy Robinson,3528131361,216265.83,148093.37,PENDING,delayed
Gabrielle Villanueva,7551842446,238691.96,73115.14,PENDING,cooperative
Betty Russell,9614829769,151278.02,60140.43,PENDING,high_risk
Angela Harper,3554168759,255754.29,89769.68,PENDING,delayed
Carrie Rosales,7031491550,259545.87,129799.27,PENDING,delayed
Elizabeth Fields,0586678342,131032.88,69852.49,PENDING,resistant
Dennis Mckee,7338111333,200421.13,69863.2,PENDING,delayed
William Bright,7864508637,69239.33,48146.97,PENDING,resistant
Ryan Henry,4879324578,202558.14,95229.26,PENDING,resistant
Francisco Clark,9532972591,113485.92,77440.72,PENDING,delayed
Rachel Carlson,2494558501,278661.82,97193.86,PENDING,resistant
Scott Neal,6184425239,254536.32,137703.12,PENDING,delayed
Tina Hernandez,5686260493,206158.89,140766.29,PENDING,cooperative
Timothy Williams,7247416338,201264.25,66939.37,PENDING,delayed
Richard Murphy,9926097200,281718.48,174843.93,PENDING,cooperative
Patrick Hall,2218361604,286146.77,150000.29,PENDING,high_risk
Kiara Rodriguez,9534251623,135472.1,72407.25,PENDING,cooperative
Shawn Fischer,2056960519,16709.13,8908.77,PENDING,resistant
Veronica Davis,4651275077,86909.32,46059.21,PENDING,resistant
Nicholas Williams,4439713572,93410.38,28814.38,PENDING,delayed
John Fry,8105665699,7113.88,2190.38,PENDING,cooperative
Jay Collins,8523548879,65208.32,26998.59,PENDING,cooperative
Heather Thomas,7722909792,161230.47,51800.08,PENDING,resistant
Michael Garcia,7679209259,60802.14,35675.64,PENDING,high_risk
Jessica Pearson,0768406515,261482.82,125471.66,PENDING,cooperative
John Cook,1927238481,127228.03,63223.18,PENDING,delayed
Gina Martinez,6529391383,21247.11,8328.05,PENDING,resistant
Jeffery Townsend,3318085899,148141.25,100098.42,PENDING,delayed
Michael Fletcher,1781304951,90700.98,63477.94,PENDING,delayed
Bruce Owens,1452069801,289538.9,170984.74,PENDING,delayed
Mary Booth,5389802079,240402.14,94297.83,PENDING,high_risk
Justin Ruiz,8822432932,21480.29,13143.71,PENDING,cooperative
Jessica Johnson,6276962685,26627.01,15004.18,PENDING,resistant
Henry Townsend,5728345355,236787.04,135208.3,PENDING,delayed
Robert Cole,6007964665,37996.17,18084.36,PENDING,cooperative
Lauren Ruiz,8094798899,32980.63,21476.45,PENDING,resistant
Anna Fernandez,0122386430,111690.64,40002.9,PENDING,high_risk
Caleb Harper,4851699945,186144.01,107770.5,PENDING,resistant
Sarah Hawkins,8284340987,208699.07,106481.39,PENDING,high_risk
William Anthony DVM,5350528125,56272.96,20119.9,PENDING,delayed
Russell Reeves,7391435230,165954.77,72518.33,PENDING,delayed
Thomas Fitzpatrick,9351634526,51277.9,17648.58,PENDING,delayed
Dustin Cook,4393113687,288880.18,146918.77,PENDING,cooperative
Dominic Murray,0662961509,135399.45,89276.29,PENDING,cooperative
Antonio Miller,0786159811,62829.4,21553.21,PENDING,cooperative
Joseph Gibbs,4208652566,21471.7,13241.41,PENDING,cooperative
Tony Casey,4360098555,53565.23,30930.83,PENDING,delayed
Craig Barrett,2341483328,275196.82,174521.65,PENDING,resistant
Richard Garcia,5381929510,58994.11,27754.48,PENDING,cooperative
Eric Rice,4807233296,77075.09,43929.63,PENDING,resistant
Kevin Joseph,6974002954,70240.77,31617.06,PENDING,high_risk
Melissa Jones,3119421937,163070.66,91655.24,PENDING,resistant
Kristin Brooks,4079217467,233638.61,88651.86,PENDING,high_risk
Roberta Andrade,5476856144,161002.09,64287.84,PENDING,high_risk
David Garcia,6459193747,102283.4,41307.33,PENDING,cooperative
Jonathan Rocha,3147742603,154457.3,54113.16,PENDING,delayed
Joseph Wilson DDS,9858076282,286935.38,112590.47,PENDING,delayed
Carla Gibson,8609396153,25540.4,10413.16,PENDING,delayed
Tara Scott,9178311883,222326.26,84727.95,PENDING,delayed
Sheri Acosta,9535996956,9210.75,4538.46,PENDING,cooperative
Tina Wilson,4993535526,42729.66,28827.1,PENDING,cooperative
James Rios,3969675174,218398.94,70365.83,PENDING,delayed
Kenneth Jackson,8636026336,158666.78,106922.29,PENDING,delayed
James Thompson,5150978105,104792.07,57876.55,PENDING,delayed
Michael Kelly,1572747935,236429.73,78496.91,PENDING,delayed
Patrick Burns,8395012514,203789.05,79701.29,PENDING,delayed
Cole Brown,1364338091,70761.75,40163.47,PENDING,delayed
William Heath,7953954731,105005.88,40992.31,PENDING,cooperative
Christopher Medina,6151495756,69561.85,46932.06,PENDING,cooperative
John Sanders,7795826110,73595.91,47723.3,PENDING,cooperative
Maria Cooke,7299108111,230590.35,84502.8,PENDING,delayed
Robert Morris,6080081729,241528.35,87808.5,PENDING,delayed
Joanna Pierce,7971114216,179810.22,71411.9,PENDING,delayed
Tammy Vazquez,3287389226,34608.97,19042.63,PENDING,cooperative
Ronald Cobb,6352946876,219270.54,96223.85,PENDING,delayed
Bernard Jordan,0655422492,256475.91,106096.6,PENDING,delayed
Katherine Morris,1687799060,240776.82,89965.68,PENDING,delayed
Lori Williams,8634435938,31110.04,14722.39,PENDING,resistant
Melanie Archer,6913396300,152947.66,84825.6,PENDING,cooperative
Matthew Wallace,2077949936,22566.44,8160.06,PENDING,cooperative
Nathan Jackson,2813068114,227729.89,81464.39,PENDING,cooperative
Daniel Ortiz,7994780198,87444.56,30662.81,PENDING,cooperative
Kyle Reyes,3948558391,162584.77,70306.22,PENDING,delayed
Thomas Hughes,3707784233,259039.78,107404.23,PENDING,cooperative
Julie Oliver,3478235401,126424.22,39002.81,PENDING,cooperative
Karen Watkins,9384270631,233403.34,159441.53,PENDING,delayed
Ashley Weeks,1375691740,111731.29,40790.44,PENDING,cooperative
Jill Alvarez,5751556238,34373.34,18268.75,PENDING,delayed
Christopher Jones,1039428824,8612.85,5203.25,PENDING,delayed
Phillip Smith,8294843230,220996.91,137257.53,PENDING,cooperative
Joseph Perkins,5721555121,53644.09,22523.25,PENDING,cooperative
Natasha Doyle,6841618832,238812.27,107263.71,PENDING,cooperative
Shannon Hoffman,3931248125,202252.13,141473.21,PENDING,resistant
Crystal Thompson,8345295102,75813.91,47780.8,PENDING,resistant
Erin Sullivan,0761719587,33697.44,21598.96,PENDING,delayed
Benjamin Baker,3763782259,184411.86,89081.24,PENDING,delayed
Brian Chapman,3488806020,135796.65,61747.2,PENDING,cooperative
Paul Smith,0811416936,110017.02,33281.02,PENDING,cooperative
Diana Davenport,3750258791,292786.65,138494.18,PENDING,cooperative
Joshua Chase,8436959676,202309.45,63943.81,PENDING,cooperative
Caleb Austin,1008262269,237705.2,105914.18,PENDING,cooperative
Joseph Munoz,1554096053,84468.67,40713.3,PENDING,high_risk
Charles Whitaker,3450837590,156907.76,96455.15,PENDING,delayed
Manuel Sandoval,4691611084,139269.84,69731.97,PENDING,cooperative
Maria Dixon,2339065325,125599.01,58917.79,PENDING,cooperative
Miguel Ruiz,4853647645,203048.4,74179.48,PENDING,cooperative
Michael King,3665869952,259149.17,115035.49,PENDING,cooperative
Cynthia Salinas,0857819488,285965.45,145097.52,PENDING,cooperative
Brandon Davidson,1145392815,228722.24,131855.55,PENDING,cooperative
Todd Lewis,4775809289,133877.54,87974.0,PENDING,cooperative
Kristin Grimes,9091900585,51001.4,23751.25,PENDING,cooperative
Mackenzie Lawrence,7616790066,256452.09,110436.15,PENDING,delayed
Laurie Martinez DVM,4255742411,289178.36,159895.49,PENDING,cooperative
Lauren Lee,0907991515,26834.4,16755.87,PENDING,delayed
Robyn Keller MD,1857128290,167257.48,58672.21,PENDING,resistant
Helen Smith,7751706964,102379.12,33503.84,PENDING,resistant
Mark Jones,3335891964,120824.32,77621.3,PENDING,resistant
Catherine Edwards,6339201055,29538.36,19294.26,PENDING,resistant
Justin Moody,2640972638,59171.89,36768.97,PENDING,resistant
Sarah Romero,9204873591,14731.55,7634.98,PENDING,cooperative
Anna Love,9220508440,269833.99,158626.38,PENDING,resistant
Eric Jones,0971399016,18165.67,7432.63,PENDING,high_risk
Amanda Todd,1929731985,284368.74,97639.52,PENDING,high_risk
Matthew Bell,2523736623,211312.17,64809.32,PENDING,delayed
Karen Ford,9998531216,113446.33,46816.11,PENDING,cooperative
Ryan Nunez,5099672340,255325.73,106463.09,PENDING,cooperative
Victor Craig,5576262138,240463.3,159983.26,PENDING,cooperative
Sarah Espinoza,8796119619,277895.77,176911.9,PENDING,cooperative
Daniel Lee,1165577473,152186.02,105905.59,PENDING,resistant
Bryan Brown,5819208511,131634.66,74040.91,PENDING,delayed
Cody Franklin,3868127576,112638.76,47002.79,PENDING,cooperative
Stephen Crane,3920972593,172122.26,115891.45,PENDING,cooperative
Michael Clark,2919738535,77640.68,33519.42,PENDING,resistant
Ruth Morrow,2920722645,43753.95,16122.73,PENDING,delayed
David Martin,0855584605,12783.87,4889.55,PENDING,cooperative
Douglas Jackson,3303680720,281933.21,104774.63,PENDING,delayed
Stacey Castillo,6201587742,261087.48,120680.8,PENDING,cooperative
Shannon Mahoney,3310138166,278724.32,162874.2,PENDING,delayed
Danielle Taylor,4889480223,17629.63,10709.57,PENDING,delayed
Derrick Chen,6583567797,148799.24,75729.34,PENDING,cooperative
Steven Walker,8579420537,25143.81,11444.32,PENDING,delayed
Michelle Ferguson,1843548698,83874.7,34537.06,PENDING,cooperative
Lauren Gaines,2347793912,46530.35,20766.65,PENDING,delayed
Steve Walton,2272446596,238347.2,95848.55,PENDING,cooperative
Janice Francis,1087996200,266549.56,117376.83,PENDING,delayed
John Christensen,2664214249,106595.05,69056.46,PENDING,cooperative
Cindy Scott,9977522523,14496.91,7424.81,PENDING,cooperative
Jessica Gonzalez,1011866519,129478.65,61154.56,PENDING,cooperative
Mary Chandler,3732912123,297405.62,156161.49,PENDING,resistant
Lucas Shaw,9791389840,8808.05,3360.05,PENDING,cooperative
Kristina Baker,5483847692,253472.34,131223.21,PENDING,cooperative
Michael Payne,8745569300,69346.43,30832.94,PENDING,cooperative
Cynthia Lang,0591279870,263285.9,79721.21,PENDING,cooperative
Joshua Smith,8814107645,86799.87,27364.9,PENDING,delayed
Amanda Mata,6459992281,285365.26,124944.44,PENDING,cooperative
Kelly Johnson,6574345308,43370.95,29123.45,PENDING,cooperative
Anna Summers,3784255779,154789.85,76867.38,PENDING,cooperative
Jason Cole,1776249014,78234.97,37658.98,PENDING,cooperative
Nicholas Webb,9297457502,54374.47,17517.83,PENDING,resistant
Ryan Lloyd,4886849120,27286.16,16909.27,PENDING,cooperative
Sharon Cain,0381228295,10846.34,5151.88,PENDING,delayed
Ashley Wilson,1975247110,106041.94,33122.71,PENDING,cooperative
Amber Coffey,4322911061,24502.4,9852.36,PENDING,cooperative
Thomas Gould,3057620715,65197.11,31540.28,PENDING,delayed
Angel Abbott,5285637144,142792.94,95795.54,PENDING,delayed
Jason Keller,8281361096,39033.31,15568.1,PENDING,delayed
Linda Palmer,4219940117,280370.04,90158.21,PENDING,cooperative
Tanya Logan,9950866045,51094.26,21305.71,PENDING,delayed
Kevin Hill,5029868264,237702.03,80614.91,PENDING,delayed
Jeffrey Taylor,0006268805,251740.35,171261.02,PENDING,delayed
Robyn Fernandez,1189975106,187325.38,67326.26,PENDING,cooperative
Michael Vargas,0970184401,20646.63,6522.07,PENDING,cooperative
Thomas Hernandez,0109767616,91526.1,52409.81,PENDING,cooperative
Amanda Williams,7176920362,222581.56,113662.13,PENDING,cooperative
Edwin Coleman,8987226509,299078.42,102199.93,PENDING,delayed
Kari Mason,0001190001,58709.43,20295.1,PENDING,cooperative
Lisa Blevins,2492602029,125956.5,66847.89,PENDING,cooperative
Ryan Davila,5348938439,256778.74,124165.85,PENDING,resistant
Angela Brooks,3572858714,280788.84,180199.91,PENDING,cooperative
Christina Miller,4560707427,248928.93,133594.96,PENDING,cooperative
James Robinson,9744988562,143610.06,87129.49,PENDING,delayed
Jenna Smith,4968480968,90188.08,41191.25,PENDING,delayed
Amanda Rice,1127126355,126685.25,80279.1,PENDING,cooperative
Rodney Holloway,8029359822,129758.07,39948.16,PENDING,resistant
Timothy Lewis,4750472474,157080.35,53866.0,PENDING,delayed
Robert Cordova,2009955147,276659.13,163304.03,PENDING,cooperative
Tyler Martin Jr.,4230236686,61297.28,29674.34,PENDING,cooperative
Cameron Anderson,5743306548,17948.44,11693.77,PENDING,delayed
Tammy Oliver,4204761488,84144.07,54106.86,PENDING,delayed
Ariel Morris,1734095135,168410.96,91187.48,PENDING,delayed
Alexander Little,3962448314,278825.16,94416.18,PENDING,cooperative
Mrs. Melissa Cooley,9278013499,44421.44,27292.67,PENDING,delayed
Samantha Hale,8951130740,206997.45,112341.25,PENDING,resistant
Zachary Herrera,1569889021,42051.72,17045.06,PENDING,delayed
David Rice,7881673382,256867.57,77748.97,PENDING,cooperative
Mary Bruce,4498059650,32736.02,11998.53,PENDING,cooperative
Joshua Schultz DVM,7362500301,271166.69,175933.64,PENDING,delayed
Emily Chavez,4118644623,88613.48,58318.44,PENDING,delayed
Nancy Pierce,8183665461,298614.9,104921.57,PENDING,resistant
James Jackson,4850064207,143237.44,61661.82,PENDING,cooperative
Jasmine King,2316698857,257753.43,135452.55,PENDING,cooperative
Regina Boyd,0578816593,222877.99,88872.05,PENDING,cooperative
Vanessa Edwards,2930222085,280613.73,130304.14,PENDING,cooperative
Tammy Parks,9377917390,180281.85,96757.94,PENDING,resistant
Stephen Shannon,4220075375,243905.9,148413.96,PENDING,delayed
Michelle Williams,9806482455,24937.79,10653.1,PENDING,cooperative
Audrey Schmitt,8304264999,64839.54,21954.97,PENDING,cooperative
Brandon Ward,2244511040,294763.58,90903.82,PENDING,delayed
Matthew Chambers,9649287816,286133.09,99345.2,PENDING,delayed
Janet Mcgee,1467005706,55495.54,33307.81,PENDING,delayed
Jasmine Meyer,1417159766,166825.64,94611.53,PENDING,delayed
Geoffrey Davis,7893679948,227204.09,115924.08,PENDING,delayed
Travis Barnes,1932463558,168388.54,106628.68,PENDING,cooperative
Julia Thomas,0340141687,261424.38,159314.23,PENDING,resistant
Don Noble,2376914318,137847.55,89987.99,PENDING,high_risk
David Delgado,7662334389,203320.96,82763.66,PENDING,high_risk
Robert Anderson,3227474223,119655.94,68125.22,PENDING,delayed
Joseph Cantu,7795984104,125430.14,41004.48,PENDING,resistant
Kathleen Hodge,5625777109,32309.74,18451.54,PENDING,delayed
Douglas Barrett,9775679863,158803.3,104480.95,PENDING,delayed
Andrew Smith,4053358835,214980.92,135310.94,PENDING,cooperative
Jasmine Nunez,9293513345,119097.05,37353.21,PENDING,resistant
Christina Brown,1298354565,272885.92,126616.12,PENDING,delayed
Nancy Sanchez,8422955426,142402.96,55807.04,PENDING,delayed
Tina Parker,7136481310,18384.77,7502.04,PENDING,resistant
Michael Simon,7966280670,148463.79,95414.13,PENDING,cooperative
Karen Mclean,2610929373,206446.79,138657.98,PENDING,delayed
Rachel Jensen,2074027702,272407.17,135633.82,PENDING,delayed
Mr. Cameron Kelley,0517475471,291022.76,174306.93,PENDING,resistant
Thomas Perez,0286402252,135591.13,77323.31,PENDING,cooperative
Betty Anderson,8843420782,173168.68,58026.26,PENDING,cooperative
Richard Logan,0499571850,281120.54,163304.27,PENDING,cooperative
Patrick Flores,3843010640,150076.4,93500.91,PENDING,cooperative
Regina Patel,5634354929,135520.91,77004.33,PENDING,high_risk
John Welch,1037647048,120034.2,68454.51,PENDING,cooperative
George Reid,3881107105,201666.86,101235.09,PENDING,resistant
Carolyn Martinez,1294746777,84921.04,54571.43,PENDING,delayed
Shannon Gordon,0857856195,279575.3,99862.47,PENDING,resistant
Justin Roberts,9228234503,205487.94,104576.79,PENDING,resistant
John Adams,6725552411,209621.96,136556.61,PENDING,resistant
Deanna Sanchez,8909899238,133947.56,71197.3,PENDING,cooperative
Brandon Rowe,9851155922,208287.39,121119.62,PENDING,cooperative
Mike Hoffman,7103871109,239615.06,122520.22,PENDING,cooperative
Jason Marks,7151829539,41731.54,15625.29,PENDING,cooperative
Morgan Pugh,7915824108,243366.14,140281.43,PENDING,cooperative
Brandon Schultz,8346462647,275674.42,115676.1,PENDING,delayed
Stephanie Hughes,9983785123,219043.03,96377.02,PENDING,cooperative
Carol Bryant,1293965170,222734.15,155234.35,PENDING,resistant
Jordan Lewis,0957066569,28087.27,17096.08,PENDING,cooperative
Amanda Walters,8411732713,275113.78,176981.93,PENDING,cooperative
Timothy Lopez,1855551824,105271.82,40647.5,PENDING,delayed
Christine Sanchez,7710267124,191967.56,116328.54,PENDING,cooperative
Dr. Eric Rodriguez,9861128711,115465.59,78434.78,PENDING,resistant
Richard Dyer,6769349964,140254.39,97051.23,PENDING,high_risk
Brian French,8033404003,294294.16,105826.25,PENDING,delayed
Dr. Cynthia Arnold,7486562615,97593.19,37898.47,PENDING,cooperative
Sarah Gross,6183755754,25002.87,13419.96,PENDING,delayed
Betty Johnson,6428794967,125861.71,86197.78,PENDING,delayed
Antonio Ayala,3208537074,282542.24,177398.87,PENDING,cooperative
William Young,3650510611,142345.7,53443.67,PENDING,resistant
Lauren Hall,7115860834,140913.98,85312.2,PENDING,cooperative
Caitlin Carney,1130686002,187886.5,103578.64,PENDING,high_risk
Christopher King,7037785030,96506.09,34531.89,PENDING,cooperative
Brooke Wilson,8029915412,192839.14,97258.92,PENDING,cooperative
Faith Clark,4703321545,164989.79,61551.45,PENDING,high_risk
Daniel Lee,0924061359,145032.13,55251.8,PENDING,delayed
Patrick Bond,4843734439,42291.78,20534.25,PENDING,delayed
Tamara Allen,9383634085,56306.81,36808.51,PENDING,cooperative
Joshua Hayes,1981508365,263844.42,118582.23,PENDING,cooperative
Jason Carpenter,8996083731,142896.87,75692.99,PENDING,delayed
Meghan Williams,6119627995,212162.58,103369.59,PENDING,resistant
Louis Yang,4857009666,202498.85,139820.5,PENDING,cooperative
Brian Pacheco,0177215303,32772.1,22128.52,PENDING,resistant
Ryan Martin,8211794871,280258.06,138983.45,PENDING,delayed
April Turner,9201525703,18058.79,9035.56,PENDING,cooperative
Mrs. Emily Conway,7346591996,63737.8,32956.91,PENDING,delayed
Michael Lucas,8764259389,11634.44,4274.59,PENDING,cooperative
William Carter,4882768791,184158.79,65076.13,PENDING,delayed
Daniel Richard,1910059888,37523.44,16022.58,PENDING,cooperative
Brittany Gilbert,0393362017,281907.82,145440.81,PENDING,cooperative
Thomas Gallagher,4290362760,116755.56,62240.24,PENDING,delayed
Tiffany Martinez,3264727598,8560.86,5765.92,PENDING,delayed
Whitney Miller,4019504850,8665.6,5489.61,PENDING,delayed
Darren Richard,7027934032,277543.29,180090.41,PENDING,cooperative
Scott Colon,8775768353,131629.45,47263.08,PENDING,high_risk
Miss Michelle Lynn,6283774678,93868.55,59303.3,PENDING,delayed
Erin Smith,0116650079,118482.32,60476.65,PENDING,delayed
David Williams MD,0768300496,43699.13,13175.24,PENDING,resistant
Nicholas Nguyen,6673416382,84205.73,30151.37,PENDING,cooperative
Adrian Daniels,7388905823,115862.75,55571.13,PENDING,resistant
Virginia Hawkins,2888672696,68957.13,28747.66,PENDING,delayed
Christopher Mack,3940878622,88829.94,28368.55,PENDING,high_risk
Michael Rodriguez,5332620065,5541.4,2502.83,PENDING,resistant
Wendy Blanchard,1840252745,288113.52,131529.39,PENDING,cooperative
Daniel Donaldson,7282102455,29471.64,15479.99,PENDING,cooperative
Christopher Wood,5809917099,201940.98,103091.85,PENDING,cooperative
Devin Singleton,4344192581,244142.07,123028.25,PENDING,delayed
Sarah Lopez,9365233521,87577.74,51739.72,PENDING,high_risk
Keith Gonzales III,5248058824,159278.53,49042.69,PENDING,cooperative
Tony Vang,6757630730,232889.66,98661.12,PENDING,cooperative
Jennifer Lee,1132962189,244419.16,105468.92,PENDING,delayed
Brett Middleton,5597010573,195580.38,72639.3,PENDING,resistant
Joshua Fowler,5927667560,114311.18,39863.61,PENDING,resistant
Robert Thomas,5480347017,152433.43,77323.22,PENDING,resistant
Sara Oliver,5821147563,16250.13,8258.56,PENDING,delayed
Benjamin Gonzalez,6823028568,265305.94,143139.14,PENDING,resistant
Michael Thornton,0570476028,253992.05,132426.22,PENDING,cooperative
Brittany Kennedy,8036585001,197586.89,74552.24,PENDING,delayed
Thomas Dennis,6092379750,196058.22,89161.13,PENDING,delayed
Kenneth Phillips,6065102917,12984.63,5847.17,PENDING,cooperative
Briana Hart,4934211801,240751.04,106462.9,PENDING,delayed
Rhonda Kirk,2954560686,160583.58,111748.33,PENDING,resistant
Jay Walker,3438865181,65664.55,23078.55,PENDING,cooperative
Amber Reilly,6706084617,247869.21,157544.05,PENDING,resistant
Amber Haynes,9480290654,80287.99,52325.0,PENDING,resistant
Edwin Davis,8431868365,85098.34,45835.73,PENDING,cooperative
Brad Kennedy,0451732900,178831.5,108927.22,PENDING,delayed
Cheryl Allen,3378003467,101171.78,51189.87,PENDING,delayed
Loretta Chang,2742933308,36191.48,16406.19,PENDING,delayed
Adrian Rodriguez,0389050241,200191.28,87482.91,PENDING,cooperative
Brett Torres,3131064610,61457.85,21047.15,PENDING,delayed
Linda Smith,5748834587,282568.73,140338.96,PENDING,cooperative
Amanda Parrish,7207601537,18467.75,10334.96,PENDING,delayed
Matthew Shaffer,5264294876,87488.32,26611.37,PENDING,cooperative
Karen Simmons,5888738622,9187.2,3979.4,PENDING,cooperative
Betty Arroyo,8926868963,39635.21,20746.51,PENDING,resistant
Katherine Clark,2583685701,223865.78,122118.5,PENDING,high_risk
Jennifer Weeks,3862922260,48170.9,18101.15,PENDING,cooperative
David Jimenez,5898275343,131114.72,75104.5,PENDING,high_risk
Stephanie Li,6639580456,114707.13,54805.29,PENDING,high_risk
Valerie Dougherty,0178348557,177875.93,115805.2,PENDING,cooperative
Ryan Thompson,9707263167,120647.63,51075.21,PENDING,cooperative
Whitney Mcneil,5340740214,223322.57,133980.91,PENDING,cooperative
Joshua Wilkins,0032948865,68009.81,22951.28,PENDING,resistant
Mary Hicks,1367365965,53053.66,19429.19,PENDING,cooperative
Melissa Sanders,1539724830,75284.07,29784.15,PENDING,cooperative
Erika Little,3123254676,190966.06,98577.12,PENDING,cooperative
Kevin Gomez,7724063769,179791.99,66804.94,PENDING,cooperative
Kevin Saunders,2989472195,171236.48,112433.8,PENDING,high_risk
Gary Weaver,3924435674,81911.97,48294.24,PENDING,delayed
Audrey Smith,7833472800,242875.98,156067.33,PENDING,delayed
Amy Clarke,4778685109,141745.27,66176.68,PENDING,delayed
Teresa Green,1344729347,138832.34,41985.98,PENDING,high_risk
Albert Roy,1821470280,223694.71,140332.9,PENDING,high_risk
Louis Lee,6141236321,182746.37,78420.33,PENDING,high_risk
Madeline Douglas,3455264383,64280.42,39996.43,PENDING,delayed
Ryan Rogers,9076293180,130050.79,74377.81,PENDING,cooperative
Paul Griffin,3737768412,284559.74,196145.4,PENDING,resistant
Michael Brown,7497752589,233410.41,138728.17,PENDING,cooperative
Elizabeth Grimes,5213012948,66437.87,35692.72,PENDING,cooperative
Sarah Ponce,6480279633,299046.56,115716.05,PENDING,cooperative
Lauren Odonnell,2446801882,120165.65,66176.78,PENDING,delayed
Carl Davenport,9249948186,111646.61,58977.31,PENDING,delayed
Christine Jones,8704418376,119822.18,43317.94,PENDING,high_risk
Garrett Young,2198182101,101954.27,62498.21,PENDING,cooperative
Monique Sharp,6352857341,236268.91,93069.95,PENDING,resistant
Cindy Mitchell,1061532746,294046.82,174234.44,PENDING,high_risk
Rachel Hernandez,9921737917,290125.33,165140.59,PENDING,delayed
Bryan Blake,2902660687,238589.53,94586.17,PENDING,cooperative
Justin Fisher,6840890054,242400.9,136105.77,PENDING,delayed
Robert Harrison,8985386460,5647.19,2191.37,PENDING,delayed
Susan Vazquez,0638569040,103900.96,62873.77,PENDING,high_risk
Robert Rubio,1201437817,289103.45,161948.65,PENDING,cooperative
Scott Turner,8429198325,145867.39,95787.58,PENDING,resistant
Gabriel Cooke,4139696727,292709.02,196582.3,PENDING,resistant
Kevin Gray,0486832280,248159.76,101461.02,PENDING,resistant
Douglas Weber,3171321239,127467.22,83943.17,PENDING,high_risk
Marilyn Smith,5051840555,180922.87,70409.29,PENDING,delayed
Lindsey Meyer,3391171896,270104.04,155269.67,PENDING,cooperative
Scott Ramirez,5136601718,243175.2,153151.75,PENDING,cooperative
Jennifer White,9055863095,109095.17,68468.22,PENDING,cooperative
Patricia Little,5518831789,263169.93,120991.41,PENDING,delayed
Robert Pollard,8812071859,207424.74,67333.66,PENDING,cooperative
Robin Nichols,9866342413,73451.11,37277.99,PENDING,resistant
Paul King,5211587251,152550.36,89042.53,PENDING,cooperative
Kristen Mason,2487328661,268562.79,173925.45,PENDING,cooperative
Bethany Wilson,9488321563,171432.54,52342.52,PENDING,cooperative
Adam Boyle,5026997411,23066.99,14351.27,PENDING,delayed
Michael Spencer,9620467990,173294.06,109556.4,PENDING,high_risk
Amy Vincent,8031621735,205503.55,76950.08,PENDING,cooperative
Matthew Larson,7194587768,268850.32,86139.07,PENDING,resistant
Patrick Taylor,0718126012,105517.22,32329.84,PENDING,cooperative
Timothy Gillespie,6231029089,261545.7,109360.0,PENDING,cooperative
Suzanne Allen,4168961083,175114.41,95250.91,PENDING,cooperative
Melissa Harrison,4398411640,175588.21,68063.97,PENDING,delayed
Megan Odom,4001525760,294218.65,166265.35,PENDING,delayed
Steve Ruiz,5896728901,44998.45,25632.87,PENDING,delayed
Andrew Gross,6355264804,33325.59,19508.27,PENDING,cooperative
Jason Becker,0466915469,89970.49,58284.74,PENDING,delayed
Destiny Montes,7963608139,93900.04,49260.52,PENDING,resistant
Kelli Reid,2085819889,50171.79,22926.78,PENDING,cooperative
Christopher Hernandez,1821317737,282298.07,183080.09,PENDING,cooperative
Elizabeth Hernandez,5548402542,36563.05,24546.31,PENDING,high_risk
Franklin Young,4328731276,216774.94,141343.46,PENDING,cooperative
Ryan Johnson,4837887753,203056.84,129300.23,PENDING,cooperative
Elizabeth Jimenez,4076822283,219825.39,151153.1,PENDING,resistant
Alvin Reynolds,7685629774,33839.98,17490.0,PENDING,delayed
Robert Burns,4446514338,289629.5,172784.63,PENDING,resistant
Kim Fox,5379660399,174865.2,54250.96,PENDING,delayed
William Smith,9934090680,258637.57,134248.12,PENDING,delayed
Steven Brown,0969687191,84198.07,42159.85,PENDING,delayed
Jennifer Medina,6747126927,95011.92,48083.11,PENDING,high_risk
Alyssa Lam,5458346277,216772.44,94047.05,PENDING,delayed
Jonathan Harris,2079181314,169494.26,93626.58,PENDING,cooperative
Kaylee Oliver PhD,8499335640,5013.67,3356.55,PENDING,delayed
Andrew Jones,4165442125,260682.52,84301.06,PENDING,high_risk
William Miles PhD,9691314593,66436.36,37247.46,PENDING,resistant
David Morgan,5501946704,177766.12,102319.74,PENDING,high_risk
Marie Gordon,1116220239,10969.88,3952.15,PENDING,cooperative
Jennifer Bates,3887491819,202272.61,102659.09,PENDING,high_risk
Angelica Martin,2216037586,14486.5,7454.18,PENDING,delayed
Sara Flores,9330171251,296649.77,104950.25,PENDING,cooperative
Karen Wood,0364866960,221908.07,136724.42,PENDING,resistant
Wesley Johnson,5328275297,233817.01,107723.73,PENDING,cooperative
Tiffany Owens,0904846682,22613.97,8557.32,PENDING,cooperative
Jonathan Hebert,6310210105,267911.29,158656.99,PENDING,resistant
Brad Meza,1234469608,245067.91,141927.98,PENDING,delayed
Katie Lewis,5531638509,283863.15,163341.41,PENDING,cooperative
Christine Mccullough,4354368513,181202.36,112025.61,PENDING,cooperative
Lisa Clarke,8066520416,61746.13,29135.15,PENDING,cooperative
Robert Norton,7913992446,84438.16,41201.7,PENDING,delayed
James Lewis,4327492986,16201.62,9328.64,PENDING,resistant
Allen Lee,3445320435,120544.91,49536.02,PENDING,resistant
Nathan Robbins,7330073531,288301.02,134321.89,PENDING,high_risk
Amy Klein,6619233662,21354.09,7629.21,PENDING,cooperative
Scott Collier,3003954493,113942.16,38492.89,PENDING,cooperative
Cody Herrera,5583577390,186954.43,61360.35,PENDING,high_risk
Frederick Wang,5276323991,79220.84,29153.15,PENDING,resistant
Jessica Cook,4875408733,132676.63,77019.67,PENDING,high_risk
Vickie Espinoza,4931356986,107613.57,46415.2,PENDING,resistant
Stephanie Gonzalez,1808860037,140801.49,78587.67,PENDING,cooperative
Bonnie Nichols,3276796033,46864.96,16532.8,PENDING,delayed
Amy Sexton,5502678116,243935.71,148098.71,PENDING,resistant
Joseph Ross,7133806371,111496.24,57069.23,PENDING,cooperative
Vickie Christensen,6459850740,194634.25,71249.04,PENDING,delayed
Ashley Mosley,2260922130,49945.51,31968.59,PENDING,resistant
Chad Patterson,6956120631,14040.48,5685.9,PENDING,delayed
Travis Choi,3248568916,147610.69,48388.67,PENDING,cooperative
Terry Bartlett,2149976602,81347.37,36052.32,PENDING,resistant
Steven Atkins,8097856158,104482.85,39764.34,PENDING,high_risk
Anthony Coleman,1181219304,204481.15,99949.6,PENDING,delayed
John Parker,1865142895,51132.91,31403.83,PENDING,cooperative
Christopher Brown,4181117949,237576.5,136075.82,PENDING,resistant
Bradley Jordan,9929558392,279529.43,175177.62,PENDING,high_risk
Jason Morris,9957474209,103480.99,36947.48,PENDING,high_risk
Christopher Jones,2515057301,171252.03,67770.54,PENDING,resistant
Angela Harvey,4687790749,7019.45,3211.09,PENDING,delayed
Jose Craig,7088577345,86164.18,53248.19,PENDING,cooperative
Michael Delgado,0178566285,141240.34,95152.43,PENDING,cooperative
Brent Beck,6510839288,169598.52,72069.68,PENDING,delayed
Caleb Carrillo,3590596132,38630.35,19483.25,PENDING,resistant
Natalie Pitts,7815829870,253129.4,78446.41,PENDING,delayed
Leslie Abbott,4972997963,53714.11,23377.87,PENDING,resistant
Carmen Tucker,1226655400,153181.37,89959.98,PENDING,delayed
Richard Robinson,3117030114,222407.42,73450.04,PENDING,high_risk
David Harvey,3882375022,63251.21,44130.04,PENDING,cooperative
Kyle Hart,0838837301,254923.31,137675.12,PENDING,delayed
Christina Dunn,0266026149,129503.82,64647.99,PENDING,delayed
Michelle Pennington,3077605820,80121.64,52525.95,PENDING,cooperative
Randy Anderson,4152866434,71646.27,32121.29,PENDING,delayed
Jason Cooper,5215176116,169659.42,102273.91,PENDING,cooperative
Austin Edwards,4529535895,226853.96,92526.86,PENDING,delayed
Christopher Rodriguez,7286804101,255093.81,97971.25,PENDING,delayed
Kathryn Weiss,5992946783,246538.11,156799.32,PENDING,cooperative
Carolyn Tucker,1650876355,199253.44,99744.21,PENDING,resistant
Madison Foster,6523457852,57910.62,31951.59,PENDING,delayed
Carla Jones,7442511528,178707.41,101397.23,PENDING,resistant
Kim Garza,4924615371,181561.92,75318.33,PENDING,cooperative
Denise Thomas MD,7310734879,131359.83,72561.35,PENDING,delayed
Charles Guzman,3673492557,228965.74,113390.81,PENDING,delayed
Cheryl Rodriguez MD,8077523613,137599.64,92604.92,PENDING,delayed
Connie Nelson,6371324108,192022.45,94270.08,PENDING,cooperative
Alex Taylor,3237603840,196435.79,84486.57,PENDING,resistant
Ian Kelly,3301507588,236754.19,98909.81,PENDING,resistant
Yvette Parks,7133196521,218532.53,98029.53,PENDING,delayed
Alex Martinez,4137815109,175383.08,73825.4,PENDING,high_risk
Hunter Grimes,3157379988,14150.79,9377.12,PENDING,cooperative
Elijah Johnson,7166033821,225764.01,92701.05,PENDING,cooperative
Rebecca Baker,0048781514,145221.81,74347.54,PENDING,resistant
Veronica Combs,7415118320,245340.22,114396.7,PENDING,cooperative
Phillip Bennett,4693126902,299302.98,93324.59,PENDING,cooperative
Jamie Ross,3146622149,89599.67,57403.87,PENDING,delayed
Michael Rocha,5659664010,27033.94,15826.97,PENDING,resistant
Timothy James,9610994790,59148.07,22179.2,PENDING,resistant
Miss Laura Hoover,2684586138,252515.16,114276.59,PENDING,delayed
Rachel Mayer,5997937021,30804.46,9796.64,PENDING,high_risk
Kathy Wood,0337800883,46823.54,28545.01,PENDING,high_risk
James Davis,3412083853,82388.5,29413.72,PENDING,cooperative
Michael Price,2630963791,214359.64,83206.76,PENDING,cooperative
Rebekah Turner,5889087791,229459.87,99308.94,PENDING,delayed
Lacey Silva,0015088613,131697.33,61107.82,PENDING,cooperative
Jacqueline Garcia,9815265317,229661.02,147440.91,PENDING,delayed
Kimberly Flores,7817378144,80987.28,36347.87,PENDING,resistant
Mr. David Perez DDS,8854425119,148581.21,99138.09,PENDING,high_risk
Willie Gray,0786806299,166919.09,52248.15,PENDING,cooperative
Cheryl Newman,1085645378,227994.78,107270.81,PENDING,delayed
Kenneth Wilson,5423988724,70499.22,23343.54,PENDING,delayed
Andrea Prince,1036340693,85898.21,35322.31,PENDING,delayed
Debbie Nelson,3996718621,245919.4,132193.34,PENDING,delayed
Zachary Miranda,8518808117,91639.89,40862.62,PENDING,cooperative
William Bond,9365090350,167961.51,81984.29,PENDING,resistant
Gary Larsen,5838420481,243394.49,82262.49,PENDING,cooperative
Megan Garza,1524522899,246199.32,142312.64,PENDING,high_risk
Theresa Mccall,3588709533,15246.66,10321.96,PENDING,cooperative
Mary Hoffman,5450728285,179744.24,78461.19,PENDING,cooperative
Erin Esparza,9700484426,208388.03,135078.1,PENDING,cooperative
Derrick Crosby,2490062145,125452.48,81655.77,PENDING,resistant
Tammy Mitchell,0311879683,276043.39,159210.54,PENDING,cooperative
Chris Little,3824613927,143932.39,91628.22,PENDING,delayed
Monique Burke,8082523043,77994.04,44387.76,PENDING,resistant
Jason Davis,6582746901,289735.81,139912.65,PENDING,cooperative
Lindsey Rivera,1882567886,223703.14,68329.0,PENDING,resistant
Emily Cruz,6493602041,275069.22,181311.08,PENDING,cooperative
Mark Allen,7565950052,86580.08,45735.83,PENDING,resistant
David Cain,1126692001,88547.51,35568.79,PENDING,resistant
Jason Nelson,3752799493,148599.28,62697.89,PENDING,high_risk
Sydney Morgan,8612604890,184826.12,75474.44,PENDING,cooperative
Jennifer Harper,1894695479,231260.57,96559.88,PENDING,cooperative
Joseph Reyes,7659682637,51021.12,17886.9,PENDING,high_risk
Caitlin Bautista,0582832522,146243.51,98313.07,PENDING,high_risk
Kenneth Lee,1779055423,63426.95,27684.18,PENDING,delayed
Christina Smith,3794537187,189741.1,122146.24,PENDING,cooperative
Gregory Miles,9612913542,70698.52,32816.94,PENDING,delayed
Christine Ward,9336446932,115509.0,48104.7,PENDING,cooperative
Stephanie Reed,9575370399,145481.26,87430.67,PENDING,cooperative
Benjamin Patel,9325555852,291431.75,190384.85,PENDING,delayed
Charles Chan Jr.,1347919495,71164.89,39886.15,PENDING,high_risk
Stacey White,7006222287,240130.16,103808.46,PENDING,resistant
Jeffrey Brown,9147823389,21825.75,9765.98,PENDING,delayed
Jonathon Mason,3016548831,119583.12,58050.16,PENDING,cooperative
Ryan Wells,3641383107,268169.91,138989.23,PENDING,cooperative
Jordan Soto,1604570416,31936.0,16059.59,PENDING,cooperative
James Petty,7493985857,107559.47,49026.42,PENDING,delayed
George Avila,4220885539,200019.99,86910.65,PENDING,delayed
Gregory Reid,7106112383,138040.6,62624.06,PENDING,cooperative
Alicia Taylor,7533175393,130718.82,73944.28,PENDING,cooperative
Mrs. Diana Thornton,0740839709,68022.81,31933.46,PENDING,delayed
Andrew Mcgee,3217366441,190321.23,67494.62,PENDING,resistant
Ryan Brown,3347232957,212814.36,128664.56,PENDING,cooperative
Jessica Johnson,9554547172,34632.81,12689.08,PENDING,resistant
Christopher Kelly,6179229950,264523.76,168870.97,PENDING,high_risk
Kimberly Smith,9648861573,225400.47,117050.02,PENDING,cooperative
Adrian Stanley,1724851008,255037.35,164801.76,PENDING,cooperative
Charles Clark,5758667732,7234.13,5040.62,PENDING,cooperative
Beverly Lee,8675299285,85396.21,59285.43,PENDING,resistant
Michael Cooley,0117208335,174931.78,99852.09,PENDING,cooperative
Kathryn Baker,1886553715,87989.8,43276.75,PENDING,delayed
Steven Gross,7010202546,92063.28,33712.98,PENDING,cooperative
Bryan Campos,8344442854,104396.38,33211.09,PENDING,high_risk
Carolyn Copeland,0111756890,172818.24,77873.2,PENDING,resistant
Francisco Mahoney,5853958753,24311.67,11941.16,PENDING,delayed
Diane Ferguson,9977509744,164192.13,78629.31,PENDING,resistant
Charles Garcia,2369210331,150182.62,58485.15,PENDING,cooperative
Charles Phillips,8986684807,40221.8,27343.52,PENDING,resistant
Carolyn Ross,5665535134,185268.82,125111.45,PENDING,delayed
Joshua Carr,4967617846,123751.22,79391.26,PENDING,cooperative
Kayla Davis,2827137605,292707.84,169388.9,PENDING,delayed
Pamela Davis,5150720801,135026.59,72285.35,PENDING,delayed
Jasmine Campbell,0361262295,12852.67,5359.73,PENDING,cooperative
Jessica Robinson,1775145456,223557.31,111784.79,PENDING,delayed
Theresa Thompson,8168454478,208540.26,126058.48,PENDING,high_risk
Emily Peck,3205504510,186483.81,117047.57,PENDING,cooperative
Hannah Combs,2854490435,19688.12,7359.33,PENDING,delayed
Mary Bray,3981550094,81234.22,44089.2,PENDING,delayed
Alexandra King MD,3889263419,194135.4,90047.22,PENDING,delayed
Steven Rivera,4519530570,143188.16,86151.37,PENDING,resistant
Ronnie Clark,2932042600,22143.26,14361.63,PENDING,cooperative
Matthew Parks,6643095632,136290.22,56267.06,PENDING,delayed
Candice Rodgers,6490743674,41983.63,19518.29,PENDING,resistant
Dana Gomez,9718930343,274222.32,186323.91,PENDING,delayed
Denise Williams,3752939028,32156.91,22195.44,PENDING,resistant
Megan Green,6327274709,205081.25,100727.63,PENDING,high_risk
Jennifer Beard,0483903090,142528.72,49434.89,PENDING,delayed
Erik Smith,7494584745,255277.03,146960.22,PENDING,delayed
Michael Lopez,8990670878,287921.0,89604.14,PENDING,cooperative
Cory Morgan,2201143553,231446.92,151975.83,PENDING,cooperative
Scott Sanders,0571024872,197029.68,91376.52,PENDING,cooperative
Megan Powell,2969600926,254110.03,137423.27,PENDING,resistant
Erica Morris,6298111244,16673.78,10293.92,PENDING,resistant
Julie Wolf,9433940301,171037.85,109181.95,PENDING,delayed
Melissa Brown,0861151302,165801.84,55204.45,PENDING,resistant
Cassandra Gates,4996841933,44353.89,30902.47,PENDING,cooperative
Ms. Jasmine Ortiz MD,9704066074,291005.7,91683.46,PENDING,cooperative
Michelle Lane,0800646062,111101.4,70031.52,PENDING,high_risk
James Watkins,6740030455,290231.0,120762.81,PENDING,cooperative
Julie Hayes,7037657458,45350.17,27267.6,PENDING,cooperative
Judith Miller,5274302477,167290.17,93880.15,PENDING,delayed
Molly Brown,7639124211,71363.84,31974.48,PENDING,cooperative
Ralph Anderson,0903338549,182347.37,82264.56,PENDING,high_risk
Sarah Murray,1081214341,77890.51,52368.27,PENDING,delayed
Robert Copeland,8949485168,96185.87,38970.65,PENDING,delayed
Brittany Brown,8286233655,278109.47,84555.23,PENDING,cooperative
Ian Torres,6899036144,268070.75,111482.32,PENDING,cooperative
Shawn Fleming,1361131966,29273.94,17670.63,PENDING,cooperative
Calvin Miller,8757823386,160753.73,89206.96,PENDING,cooperative
Holly Ramirez,7262599621,161078.28,87293.27,PENDING,cooperative
Rebecca Singh,3687343317,107896.95,69518.09,PENDING,high_risk
Linda Campos,1234611391,144454.97,58000.78,PENDING,cooperative
Sandra Cruz,6188200212,91879.89,47700.43,PENDING,cooperative
Kimberly Mitchell,7971850965,193963.26,59197.11,PENDING,delayed
Allison Miller,6364876775,102551.35,41997.84,PENDING,resistant
Cindy Norris,9144408928,152977.12,105416.82,PENDING,delayed
Donald Martinez,6664850615,243438.28,122953.57,PENDING,cooperative
Michael Martin,2149948720,148214.59,48984.77,PENDING,cooperative
Helen Bennett,8647359041,173101.58,93773.92,PENDING,cooperative
David Zimmerman,9799758030,215869.42,126070.71,PENDING,delayed
Chad Floyd,6007382497,294504.15,94675.72,PENDING,cooperative
Nathaniel Strong,3391846010,147657.59,87854.69,PENDING,delayed
Rachel Carpenter,4985366494,265224.45,171712.5,PENDING,high_risk
James Willis,9827850298,14698.49,4961.61,PENDING,cooperative
Daniel Rice,3302457599,147458.63,78323.36,PENDING,cooperative
Taylor Mcclure,7309347003,74264.29,32360.29,PENDING,cooperative
Christy Pena,2038536228,51866.7,31633.41,PENDING,resistant
Thomas Hooper,5802465932,124629.3,40557.42,PENDING,high_risk
Derrick James,5480423092,168977.74,101230.72,PENDING,cooperative
Terry Silva,4681010614,108198.75,39040.26,PENDING,delayed
Jeremy Schroeder,0584531770,171484.63,53269.77,PENDING,high_risk
Vanessa Lewis,7651557958,83386.29,34080.77,PENDING,delayed
Pamela Ramos,6622567611,75752.96,45230.83,PENDING,delayed
Alison Casey,6612661897,73145.48,37866.35,PENDING,cooperative
Mrs. Christine Torres,0185792053,16344.13,5831.63,PENDING,delayed
Micheal Whitney,6954179893,215098.29,102524.85,PENDING,high_risk
Patrick Green,5805410118,63261.03,23599.08,PENDING,delayed
Adam Taylor,3159157503,284259.07,162955.03,PENDING,delayed
Cindy Wilson,8253342365,45435.0,30697.65,PENDING,delayed
Gary Harper,8996630037,147666.81,60117.95,PENDING,cooperative
Dr. Richard Kennedy,9356100617,204294.81,71732.92,PENDING,delayed
Christopher Scott,7042659197,143188.01,93330.32,PENDING,delayed
Brenda Cabrera,2448268536,41169.96,28613.78,PENDING,resistant
Sarah Parsons,0718195932,120003.03,74106.64,PENDING,cooperative
Lee Rasmussen,9968722528,67632.03,23465.0,PENDING,delayed
Jennifer Johnson,2165900984,268439.33,150644.16,PENDING,cooperative
Allison Horne,9628415513,286795.58,135490.62,PENDING,delayed
Johnathan Boyle,6883933091,169554.2,68761.94,PENDING,cooperative
Shawn Hernandez,5141931576,54725.24,26327.19,PENDING,cooperative
Carol Oconnor,2516184936,154212.86,107432.31,PENDING,cooperative
Brandon Cunningham,8820476152,272768.24,108354.99,PENDING,cooperative
Kevin Potts,8485085606,252566.04,89401.83,PENDING,resistant
Samantha Padilla,7767554938,220814.24,103989.44,PENDING,cooperative
Christopher Jones,8396759614,74866.54,29829.52,PENDING,resistant
Charles Johnson,9766857142,72968.94,25056.19,PENDING,delayed
Kimberly Weaver,4874345819,297448.89,175296.7,PENDING,high_risk
Albert Barnes,6217505769,160401.36,95262.69,PENDING,delayed
Tanya Cox,1735570953,43329.36,15899.53,PENDING,resistant
Lisa Hernandez,6545134217,190950.31,126592.91,PENDING,delayed
Martin Watson,7600569978,230219.48,144935.04,PENDING,resistant
Dennis Chung,7163204841,15065.34,9964.03,PENDING,delayed
Kayla Moody,5463884064,104640.53,57880.78,PENDING,cooperative
Eduardo Foster,8271869043,146332.47,75707.12,PENDING,delayed
Denise Chase,0902130614,86671.4,54951.31,PENDING,cooperative
Sandra Floyd,3496682390,217618.15,106810.9,PENDING,delayed
Joshua Rodriguez,7921942567,15402.56,5843.67,PENDING,resistant
Sarah Hull,6383394143,26127.93,10204.72,PENDING,cooperative
Susan Copeland,2743442068,216400.4,77992.42,PENDING,cooperative
Dennis Rasmussen,0758728871,35897.13,21965.02,PENDING,resistant
William Campbell,7270356455,25858.8,9522.07,PENDING,cooperative
John Kelly,8579294662,267047.9,99217.52,PENDING,cooperative
Kelly Alvarez,3829811669,101328.72,38001.52,PENDING,cooperative
Michael Wolf,5502473053,98049.84,42469.34,PENDING,cooperative
Adam Ali,7100830925,26910.55,16715.16,PENDING,delayed
Maria Roberts,4877961786,10754.69,7466.46,PENDING,resistant
Sarah Chandler,9420075483,211089.81,76251.18,PENDING,delayed
Gina Pineda,4893732204,156563.24,80790.01,PENDING,cooperative
Ronald Roach,4237238166,81801.98,51776.54,PENDING,cooperative
Jessica Bruce,2541369577,273496.83,157686.31,PENDING,resistant
Isaiah Harrell,4505562006,265608.14,133855.04,PENDING,delayed
Kimberly Larsen,0583078632,210976.67,119155.34,PENDING,high_risk
Juan Shea,7432297079,104801.93,62443.58,PENDING,cooperative
Heather Bernard,6274754297,270022.12,180064.11,PENDING,delayed
Jeffrey Daniels,1255184563,212377.08,94711.02,PENDING,cooperative
Bridget Walsh,8900656536,158834.77,70869.05,PENDING,cooperative
Kenneth Kim,6300594259,131018.27,49583.64,PENDING,cooperative
Stacy Fisher,9996363880,38265.95,11480.54,PENDING,delayed
Tracey Livingston,1431531677,255613.47,163364.31,PENDING,cooperative
Abigail Anderson,2846752131,91267.46,62547.54,PENDING,cooperative
Jennifer Miller,3640918821,285264.89,145081.38,PENDING,high_risk
Timothy Gray,6287425378,124165.67,41153.21,PENDING,cooperative
Peter Powers,3536941823,75282.81,32643.06,PENDING,delayed
Jill Gutierrez,5087508676,76664.86,46205.8,PENDING,cooperative
Jonathon Ruiz Jr.,5249278647,108026.55,50523.66,PENDING,cooperative
Thomas Martin,8051406765,213739.2,89569.84,PENDING,cooperative
Sarah Reynolds,0563000695,197176.3,115352.59,PENDING,high_risk
Mr. Jose Hernandez DDS,1229408637,210985.54,95324.51,PENDING,delayed
Nicole Weber,9811791710,57307.43,24041.9,PENDING,cooperative
Todd Jackson,5506608731,47615.39,15952.52,PENDING,delayed
Patrick Haley,9949057981,9450.63,5112.86,PENDING,cooperative
Crystal Salinas,6735761275,35278.57,12318.63,PENDING,delayed
Debra Rodriguez,6369635610,59072.43,28718.79,PENDING,cooperative
Jeffrey Horton,1149420276,10597.76,3670.37,PENDING,cooperative
Jennifer Edwards,0185041621,295524.23,180497.36,PENDING,cooperative
Michelle Golden,6250878558,238750.01,88515.2,PENDING,cooperative
Gary Harrison,5099645919,155792.12,58777.0,PENDING,delayed
Jessica Taylor,8479637632,158953.42,65292.11,PENDING,resistant
Jennifer Barton,7688617295,165075.38,113165.26,PENDING,cooperative
Mark Ferguson,3427305854,274138.65,157587.86,PENDING,delayed
Brittany Hall,0821898905,49884.23,31630.52,PENDING,cooperative
Samantha Reed,4447063890,297501.8,146210.37,PENDING,cooperative
Eric Miller,0446462515,103717.14,53786.77,PENDING,cooperative
Kevin King,9206763142,78825.56,46081.25,PENDING,high_risk
Kevin Anderson,2149653165,54289.17,29700.49,PENDING,cooperative
Dustin Peck,9702735849,250783.7,87261.92,PENDING,delayed
Richard Jacobs,6810337157,42432.32,18522.23,PENDING,cooperative
Matthew Kelly,5126294806,237551.93,157258.12,PENDING,high_risk
Chase Kelly,4962282586,156352.23,47049.72,PENDING,cooperative
Joan Garcia,1649543462,268855.13,147440.89,PENDING,delayed
James Gonzalez,8617460500,209597.69,96265.11,PENDING,cooperative
Stephen Price,4741528833,267279.2,87589.07,PENDING,delayed
Julie Price,6147372724,220735.77,66644.72,PENDING,resistant
Suzanne Daniels,4712193985,259848.13,141109.09,PENDING,cooperative
Michael Smith,7107612053,251457.6,113189.83,PENDING,cooperative
Janet White,9743200513,8985.38,3192.49,PENDING,cooperative
Philip Farley,8160579607,31628.48,16308.5,PENDING,resistant
Diana Hernandez,1164369298,175006.91,69102.54,PENDING,high_risk
Randy Wright,4322928397,15600.11,9383.78,PENDING,cooperative
Matthew Stevens,0841311429,35203.28,17151.96,PENDING,high_risk
Eric Murphy,1322237431,239382.14,107396.11,PENDING,cooperative
Jacob Thornton,7607360872,85765.8,59008.01,PENDING,cooperative
Deanna Webb,4024514969,210894.71,70976.41,PENDING,cooperative
Samuel Davies,2709757286,222566.84,140185.33,PENDING,cooperative
Jennifer Sanchez,2438434616,260358.0,136447.49,PENDING,resistant
David Allen,0742816660,280938.9,87916.18,PENDING,delayed
Carla Young,7289394540,165988.84,77207.4,PENDING,cooperative
Arthur Joseph,9919521955,180553.68,80662.52,PENDING,cooperative
Donna Henderson,7256328661,273885.68,145157.25,PENDING,high_risk
Christopher Medina,4084146360,118975.72,52457.09,PENDING,resistant
Jeffery Dixon,7084311601,102588.08,50998.04,PENDING,delayed
Michael Patterson,4966964024,156495.08,91587.17,PENDING,delayed
Anna Lewis,5719701368,129876.06,48751.71,PENDING,delayed
Johnny Park,5624809461,68984.91,22212.61,PENDING,delayed
Amy Erickson,8077723007,205039.77,74349.12,PENDING,resistant
Tracy Wilkinson,4640347406,222182.79,88930.77,PENDING,cooperative
James Smith,4577575351,232691.86,93447.14,PENDING,resistant
Alexandra Hall,5043371668,20759.31,9980.94,PENDING,cooperative
Hannah Anderson,4610247946,61752.43,21944.08,PENDING,resistant
Robin Curtis,1538248275,240744.75,151103.41,PENDING,high_risk
Allison Lopez,9305910656,74494.12,23383.73,PENDING,delayed
Angela Davis,2179390250,163095.45,97599.68,PENDING,cooperative
Daniel King,2326249504,200505.61,95816.01,PENDING,cooperative
Mrs. Jodi Boyer,6640564433,140925.14,58212.53,PENDING,high_risk
Shannon Taylor,4336116073,230402.88,114456.81,PENDING,resistant
Stephanie Brown,4226649768,48653.82,22858.8,PENDING,cooperative
Melissa Rodriguez,0551762134,10975.17,4900.27,PENDING,resistant
Willie Allen,3873592880,80753.03,47295.02,PENDING,resistant
Jenny Gutierrez,1356572503,147476.73,94878.02,PENDING,resistant
Emma Parker,0907771153,108708.65,57586.36,PENDING,cooperative
Leslie Carlson,0058645001,191319.55,94206.08,PENDING,cooperative
Matthew Clark,2848456120,213283.61,133631.76,PENDING,delayed
Natalie Gibson,7923229529,225370.11,142783.14,PENDING,resistant
Zachary Perez,1685938572,86415.73,52826.64,PENDING,cooperative
Jordan Jones,2183319588,124401.49,73388.55,PENDING,delayed
Melissa Richard,7203327651,277126.65,164156.84,PENDING,cooperative
James Payne,2368472806,20217.1,12088.42,PENDING,delayed
Cassidy Vasquez,4983704957,75081.89,34462.41,PENDING,delayed
John Jones,7937605642,14013.33,5803.17,PENDING,high_risk
Kenneth Carter,2378792312,265730.06,124102.45,PENDING,cooperative
Christopher Perez,5297977491,113609.22,78749.35,PENDING,high_risk
Vickie Johnson,4487175687,233052.77,72440.14,PENDING,delayed
Amanda Lee,6560579956,12883.14,5944.24,PENDING,high_risk
William Lane,6546052659,246412.7,79137.36,PENDING,cooperative
Marie Rivera,7093825446,144035.44,88816.26,PENDING,resistant
Barry Ryan,0949259193,7856.78,4216.86,PENDING,cooperative
Phillip Pena,0729084475,231563.78,99427.68,PENDING,cooperative
James Jenkins,5629019761,179688.1,96428.9,PENDING,delayed
Zachary Rodriguez,4991317269,233896.75,144535.46,PENDING,high_risk
Kathryn Roberts,9487410948,278670.05,130646.06,PENDING,cooperative
Molly Gonzalez,3763448894,244103.52,75313.24,PENDING,cooperative
James Hamilton,9901989046,179252.82,62658.52,PENDING,cooperative
Steven Walker,7584384781,82338.94,39001.45,PENDING,delayed
Joseph Macdonald,7040609860,126950.69,83646.22,PENDING,delayed
Jason Lopez,2499870905,169263.11,99224.08,PENDING,delayed
Eric Mcneil,8635259153,238900.26,161091.26,PENDING,cooperative
Howard Williamson,4147062611,247487.77,124338.23,PENDING,cooperative
Ronnie Atkins,9003522012,296960.71,149543.75,PENDING,cooperative
Julie Scott,2865159148,119168.23,65907.01,PENDING,cooperative
Vickie Brown,9253265339,168610.71,88882.29,PENDING,resistant
Rachel Wong,2821705467,14382.2,5086.95,PENDING,cooperative
James Durham,3389544412,144903.44,100753.14,PENDING,resistant
David Barrett,5111026036,5047.91,3279.53,PENDING,delayed
Shane Anderson,7831729991,78517.57,49464.13,PENDING,resistant
Amy Diaz,5008844929,265575.48,128206.13,PENDING,cooperative
Lisa Jennings,1395808682,26463.9,14212.04,PENDING,cooperative
William Allen,5020615147,124275.28,64906.39,PENDING,resistant
Joanna Francis,6590531767,165072.21,92470.82,PENDING,cooperative
Luis Baker,2670854673,21382.79,10164.16,PENDING,cooperative
Michael Bender,3908597045,96577.64,36565.43,PENDING,high_risk
Philip Hebert,7257709507,101493.21,49696.01,PENDING,cooperative
Crystal Freeman,8496773649,142188.91,90086.33,PENDING,cooperative
Erin Walters,7618357796,99057.63,55235.46,PENDING,cooperative
Mrs. Kristi Haas DDS,9842721073,294081.95,92963.53,PENDING,delayed
Leonard Rice,1158899735,138733.74,82932.65,PENDING,cooperative
Shannon Henderson,0761567632,232551.5,74342.56,PENDING,high_risk
Maria French,9841079455,111229.82,68380.35,PENDING,resistant
Joseph Kelly,2790576010,21068.93,12007.43,PENDING,resistant
William Russell,1526956332,259376.37,148743.05,PENDING,cooperative
Lauren Hill,4521730829,91375.7,55376.61,PENDING,delayed
Becky Flores,4402589583,73447.89,22836.65,PENDING,high_risk
Michael Lee,6294604922,293200.72,184763.45,PENDING,cooperative
Clifford Roach,1068319471,291346.95,187656.14,PENDING,delayed
Brittany Williams,3736334256,123083.41,51786.28,PENDING,delayed
David Anderson,7279581957,189780.97,129831.16,PENDING,cooperative
Mark Young,2260843668,24267.73,8672.3,PENDING,resistant
Jasmine Richards,1918251068,193237.21,128724.34,PENDING,resistant
Jonathan Goodwin,4487077482,61863.02,19105.36,PENDING,cooperative
Michael Alvarez,3487327862,221553.27,133106.71,PENDING,resistant
Tammy Adkins,8943496617,287344.65,170693.69,PENDING,cooperative
Mr. Terry Anderson,2600457128,196359.01,97935.26,PENDING,cooperative
Brian Kim,0371824271,80823.25,25131.02,PENDING,delayed
Carol Brown,2297351443,277630.8,98454.73,PENDING,cooperative
Nicole Ramirez,6736701605,171794.17,112243.72,PENDING,high_risk
Nancy Carlson,4957997555,194832.13,65666.84,PENDING,cooperative
Roger Meyer,1964021959,50080.81,18427.25,PENDING,cooperative
Christine Riley,7352854920,101069.09,67732.21,PENDING,delayed
Angel White,1535276167,46341.4,18961.21,PENDING,cooperative
Mary Armstrong,1047341562,179161.49,106985.62,PENDING,cooperative
Donald Sanchez,8505235114,130272.91,59559.02,PENDING,resistant
Melissa Bowers,6746419671,252656.11,105425.69,PENDING,cooperative
Marcus Perez,6323394483,238869.29,114588.34,PENDING,high_risk
Amanda Ortiz,1033933989,225263.95,75050.86,PENDING,resistant
Terry Gregory,7801630983,72422.42,35598.23,PENDING,cooperative
Jean Roach,3260249490,164963.78,77991.42,PENDING,delayed
William Smith,6249453944,54816.15,31745.46,PENDING,cooperative
Julia Robinson,8104168088,48755.17,31485.3,PENDING,cooperative
Jason Gibbs,3754406051,168759.66,59060.21,PENDING,cooperative
Brian Johnson,2883731603,135515.41,71065.59,PENDING,resistant
Peter Perry,6734885152,30291.98,11181.18,PENDING,cooperative
Jeffrey Baker,9353906312,98755.92,37491.02,PENDING,cooperative
Jodi Jackson,3894088644,246937.87,139743.15,PENDING,cooperative
Edward Rubio,8024018139,42825.7,21953.77,PENDING,resistant
Sandra Davenport,5919362447,59186.1,35639.39,PENDING,cooperative
Stephanie Patterson,1446648780,25472.41,10430.91,PENDING,cooperative
Tamara Taylor,8238285816,173871.15,105768.08,PENDING,cooperative
Kelli Howell,3897220226,6990.5,2966.51,PENDING,high_risk
Barbara Bradley,7388541695,85607.1,36371.17,PENDING,cooperative
Anna Wood,0612924803,232905.63,122511.7,PENDING,delayed
Michelle Pierce,0389362764,276340.14,100607.49,PENDING,high_risk
Elizabeth Obrien,5034892537,262400.57,182885.35,PENDING,cooperative
Christopher Williams,1007763201,74804.54,30624.63,PENDING,cooperative
Curtis Gonzalez,5185373819,8184.65,4357.46,PENDING,cooperative
Rebecca Black,1919454954,76162.84,43570.6,PENDING,delayed
Colleen Reid,2357614055,230114.91,127780.64,PENDING,cooperative
Jessica Lewis,7811758014,32747.44,14381.58,PENDING,resistant
Drew Meza MD,1715114535,137749.72,73245.24,PENDING,high_risk
Jillian Dillon,5831184927,193257.92,114216.55,PENDING,resistant
Justin Ortiz,9195803127,18945.29,11332.1,PENDING,resistant
Michael David,3895127231,291475.06,93561.44,PENDING,delayed
Bryan Hudson,1025604814,297002.08,99004.01,PENDING,high_risk
Patrick Miller,3939573790,128288.27,54662.4,PENDING,high_risk
Mark Thomas,9213139682,290966.28,116663.2,PENDING,delayed
Samuel Jones,2992338081,256050.43,90399.38,PENDING,delayed
Charles Rivera,2067814305,74225.62,32821.34,PENDING,cooperative
Elizabeth Robinson,0432995539,241513.22,87472.03,PENDING,delayed
Adam Delgado,5268128934,100934.87,55053.81,PENDING,cooperative
Ryan Thomas,0773436901,120954.46,68542.92,PENDING,cooperative
Michelle Hill,3399698914,71989.17,36461.89,PENDING,cooperative
Kari Robinson,0443906141,44173.59,15228.89,PENDING,resistant
Stacey Phillips,7097369213,119572.44,47308.24,PENDING,delayed
Victoria Powell,0836093075,38189.9,26356.22,PENDING,resistant
Robert Green,0977492988,48025.53,16844.09,PENDING,cooperative
Jennifer Quinn,6705642494,203660.62,81695.51,PENDING,cooperative
Heather Leblanc,2084120834,158450.05,88309.24,PENDING,cooperative
Antonio Goodwin,5316514810,192251.99,94604.91,PENDING,cooperative
Sara Thomas,5843916635,8225.48,5122.24,PENDING,delayed
Matthew Hart,6906916820,288135.58,88751.74,PENDING,delayed
Jonathan Mccoy,2991591314,254588.17,104904.82,PENDING,delayed
Kristine Rush,6458863429,189945.83,117411.98,PENDING,resistant
Molly Jones,8405094015,286598.2,138146.68,PENDING,delayed
Crystal Harrison,7441583719,69395.21,32381.65,PENDING,cooperative
Nicole Mitchell,7559936576,25666.5,13961.09,PENDING,delayed
Patrick Kelley,3124028003,245833.11,154165.28,PENDING,delayed
Matthew Duncan,0990292903,227882.19,148134.97,PENDING,resistant
Taylor Frye,7720163306,240657.17,88499.6,PENDING,high_risk
Nicole Kramer,4754861254,36722.76,17407.91,PENDING,delayed
Bill Simmons,4748840267,163921.27,74049.87,PENDING,delayed
Mark Adams,3499615713,47794.9,30551.49,PENDING,resistant
Abigail Stevens,5600535113,102098.25,53142.62,PENDING,delayed
Troy Edwards,3257435894,184160.58,128066.58,PENDING,high_risk
Spencer Marshall,3814040866,158566.27,79614.09,PENDING,delayed
Stephanie Johnson,7420905124,50951.43,23392.98,PENDING,resistant
Christina Rogers,1779826985,195147.71,132608.69,PENDING,delayed
Cody Chambers DDS,0988655977,270979.09,92395.78,PENDING,high_risk
Michelle Gutierrez,7868867038,145155.16,78704.35,PENDING,cooperative
Gary Garcia,2702563989,84251.29,33040.86,PENDING,cooperative
Daniel Andrews,4513907668,240546.03,155468.19,PENDING,cooperative
Steven Hopkins,9933372141,104635.21,53590.33,PENDING,delayed
James Johnson,9918550418,141030.7,50157.16,PENDING,delayed
Kimberly Hale,4673573456,206518.14,90028.13,PENDING,resistant
William Sandoval,6350014756,111533.9,36912.21,PENDING,cooperative
Erica Johnson,9931947401,175303.04,95691.82,PENDING,cooperative
Karen Edwards,5665102250,255116.8,131937.06,PENDING,cooperative
Robert Valentine,8891658092,41390.22,16764.73,PENDING,delayed
Joshua Decker,0265575077,52330.61,32353.99,PENDING,delayed
Edward Green,4477530217,245197.24,115816.98,PENDING,delayed
Alyssa Anderson,4984336131,257162.31,84153.13,PENDING,delayed
Holly Jones,4726680136,145924.22,74618.38,PENDING,delayed
Mary Brooks,6773526393,85685.03,34061.3,PENDING,cooperative
Dr. Amanda Day,9416508211,178356.0,93735.4,PENDING,cooperative
Valerie Roberts,0200689360,161205.62,108052.74,PENDING,high_risk
Brian Mcgee,8884462499,82628.55,31250.7,PENDING,cooperative
Bryan Luna,7339479398,66036.02,34828.02,PENDING,delayed
Dr. Natalie Stephens,5192985519,112498.31,48741.01,PENDING,resistant
Kristina Elliott,6593072641,265430.26,96926.85,PENDING,delayed
Michelle Perry,2125715390,89813.29,58629.96,PENDING,cooperative
Grant Sandoval,9599347399,5305.6,2454.57,PENDING,delayed
Jesus Johnson,6303615894,66375.93,36603.67,PENDING,cooperative
Robert Reed,3048585592,197872.07,131938.39,PENDING,high_risk
Stephanie Morales,1520350940,77616.97,52628.18,PENDING,resistant
Jonathan Baker,9513197678,141434.92,51281.67,PENDING,cooperative
Gerald Hanson,4581325679,195047.75,117041.84,PENDING,resistant
David Stafford,1737025801,16683.47,10194.64,PENDING,delayed
Jose Wells,2104578280,16893.07,6593.58,PENDING,delayed
Paul Rodriguez,6454354072,177898.05,117090.31,PENDING,cooperative
Jessica Anderson,3090143779,272198.04,93143.72,PENDING,cooperative
Samantha Le,0625218597,71912.66,43675.15,PENDING,cooperative
Steven Gomez,0024837742,225617.36,155835.43,PENDING,resistant
James Johnston,2766696675,109771.54,69809.85,PENDING,delayed
Margaret Gray,5530902179,167762.68,88336.77,PENDING,resistant
Kristin Hooper,9079794116,174878.07,96878.21,PENDING,delayed
Jason Castillo,5749290031,283844.43,145255.37,PENDING,cooperative
Kathryn Stanton,7462052249,80029.82,33842.68,PENDING,delayed
Sharon Turner,6501208766,190849.88,77789.49,PENDING,delayed
Brenda Shepherd,2647930092,121553.12,82437.59,PENDING,cooperative
Peter Jones,8447559485,281305.96,132008.53,PENDING,cooperative
Derek Turner,9711508609,206056.11,99977.84,PENDING,resistant
Kenneth Aguirre,5518539047,257662.78,113327.82,PENDING,delayed
Melissa Romero,7049439427,101263.26,68250.7,PENDING,resistant
Joy Butler,0529537675,194131.57,103941.48,PENDING,cooperative
Christopher Meza,8539258576,59392.64,28918.03,PENDING,delayed
Brittany Black,4674985210,286900.01,175186.42,PENDING,high_risk
Brittany West,3830306452,22048.51,14248.18,PENDING,resistant
Alexis Gutierrez,3899375314,63737.32,29782.05,PENDING,resistant
Sandy Young,6454831733,194946.88,97512.59,PENDING,cooperative
Chloe Brown,7473506122,118139.13,36161.42,PENDING,high_risk
Aaron Russell,3835321572,294580.81,193281.4,PENDING,cooperative
Joseph Grant,7785905162,108126.57,72491.19,PENDING,resistant
Hannah Hall,2397574476,195036.97,71852.98,PENDING,cooperative
Sarah Goodman,9438868412,72522.2,39926.8,PENDING,resistant
Alicia Graham,3601604511,34161.66,15209.27,PENDING,resistant
Robin Schneider,1689505716,281496.67,162977.26,PENDING,resistant
Eric Thompson,5009187756,204625.85,80454.02,PENDING,resistant
Juan Adams,8165267125,258986.83,100410.74,PENDING,delayed
Anthony Stanley,3192568785,197979.62,134417.01,PENDING,cooperative
Kelsey Brown,5596916271,63533.22,42912.52,PENDING,cooperative
Donald Herring,3409246925,124775.22,63805.55,PENDING,cooperative
Daniel Burgess,3657980259,131400.12,43260.22,PENDING,high_risk
Jeffery Lloyd,2622825254,47801.78,15605.08,PENDING,cooperative
Justin Cochran,9314004774,252157.02,148293.03,PENDING,cooperative
Michael Miller,9134149328,16309.13,7884.86,PENDING,delayed
Karen Moyer,2453273289,268954.95,98309.61,PENDING,cooperative
Mrs. Melanie Ramirez MD,5488700024,118219.85,54397.39,PENDING,delayed
Michael Diaz,1130778316,192868.61,85881.38,PENDING,delayed
James Casey,6377473882,85222.62,46074.69,PENDING,delayed
Rose Maldonado,2612186081,141800.12,81088.34,PENDING,delayed
Matthew Patel,1392285650,163804.81,114625.78,PENDING,high_risk
Kimberly Johnson,3835889135,66129.3,28617.25,PENDING,cooperative
Dr. Ashley Hernandez DVM,6189442499,112419.12,55758.62,PENDING,cooperative
Rachel Martin,5283862043,266792.97,84259.28,PENDING,resistant
Susan Baker,6844933204,12167.93,5626.5,PENDING,delayed
Paige Humphrey,0923727999,208775.48,105278.38,PENDING,delayed
Philip Lara,9736064894,260898.06,159059.63,PENDING,cooperative
Justin Adams,8662606321,5371.7,2392.09,PENDING,resistant
Richard Phillips,1398034405,163705.27,84577.76,PENDING,delayed
Karl Anderson,9422748729,64465.03,31136.18,PENDING,cooperative
Amanda Welch,8956335515,131680.04,87992.25,PENDING,cooperative
Connie Freeman,3372301808,22885.65,14331.07,PENDING,cooperative
Kenneth Moody Jr.,4160312219,127693.12,48078.2,PENDING,resistant
Ashley Williams,2576921914,48843.8,28363.93,PENDING,cooperative
Toni Young,5202582398,163168.18,71231.06,PENDING,cooperative
Lauren Anderson,3779054352,258711.08,137386.72,PENDING,delayed
Victoria James,7056842495,213896.11,64280.5,PENDING,cooperative
April Fuller,7116651766,183986.75,87006.75,PENDING,resistant
Tracey Beck,1803470458,139637.44,82686.38,PENDING,cooperative
Timothy Smith,9772521581,287006.41,179856.5,PENDING,delayed
Joshua Rasmussen,5720449482,285999.11,97013.79,PENDING,resistant
Samuel Harrington,1555691242,53336.91,35337.34,PENDING,cooperative
Mary Young,4923758402,220912.08,94350.28,PENDING,resistant
David Townsend,1694312940,122638.2,65348.96,PENDING,resistant
Andre Hall,8932777774,137063.91,80818.42,PENDING,resistant
Denise Meyers,9506323531,130184.04,57129.53,PENDING,cooperative
Phillip Hill,8118210927,196382.28,85743.7,PENDING,delayed
Lisa Roy,6341999353,78574.83,27332.58,PENDING,delayed
Keith Vaughan,8463761714,242900.23,142250.4,PENDING,delayed
Jessica Caldwell,5400902310,27626.51,13648.43,PENDING,high_risk
Gary Wells,9994976695,87675.54,32273.57,PENDING,resistant
Cynthia Case,7659793730,210529.73,124201.95,PENDING,cooperative
Michael Le,5279401938,92287.47,41847.33,PENDING,high_risk
Colin Krueger,6477285595,183678.87,85993.91,PENDING,high_risk
Kathleen Jackson,6363572481,132482.88,82746.92,PENDING,delayed
Terri Cummings,7831757423,26482.05,17868.0,PENDING,delayed
Abigail Mcintyre,8818041053,228628.11,79496.8,PENDING,cooperative
Gary Martinez,4555905461,34729.58,11751.56,PENDING,cooperative
Catherine Wheeler,1229687349,261315.05,149571.58,PENDING,high_risk
Jose Crawford,7938941329,199005.92,94532.6,PENDING,cooperative
Jennifer Bryant,6495237844,158659.12,102998.11,PENDING,cooperative
Christine Cooke,9044481581,291971.54,112898.77,PENDING,delayed
Shirley George,4311138502,30598.52,12471.64,PENDING,delayed
Donna Rojas,5919092324,248899.57,90948.32,PENDING,cooperative
Sarah Riggs,2579155806,66382.89,20535.98,PENDING,cooperative
Keith Watson,8203813423,281150.43,171966.38,PENDING,resistant
Madison Haney,6090432292,97232.58,44061.07,PENDING,delayed
Alex Clark,1215340518,259199.18,97573.05,PENDING,delayed
Billy Norton,9365753614,215719.77,71901.15,PENDING,delayed
Pamela Townsend,8671516919,201363.5,64795.53,PENDING,delayed
Ashley Morales,1882385060,44990.42,25561.64,PENDING,cooperative
James Garcia,7656694031,46095.9,30604.03,PENDING,delayed
Anne Solomon,3183141889,161813.3,72360.44,PENDING,delayed
Cynthia Brown,8102893012,243314.06,89139.76,PENDING,cooperative
Andrew Briggs,0318641329,223025.64,91524.68,PENDING,cooperative
Carolyn Sims,4687695593,123518.03,84042.46,PENDING,cooperative
Nathan Bailey,0683116191,68065.14,30434.07,PENDING,delayed
Brooke Mcdaniel,5651215539,291711.2,168637.08,PENDING,high_risk
Julie Robbins,5327950351,33832.68,16111.02,PENDING,cooperative
Harry Craig,6863860267,125626.3,40317.55,PENDING,cooperative
Caitlin Wilson,9920967224,202722.99,63491.72,PENDING,cooperative
Steven Moore,1379758028,137187.73,42886.86,PENDING,resistant
Christopher Pace,7992687019,146164.14,60613.73,PENDING,cooperative
Lori Gardner,8401518554,220296.58,133124.3,PENDING,resistant
Connor Gates,0784352475,241251.98,139135.24,PENDING,cooperative
William Brown,1472486544,175324.73,112714.22,PENDING,cooperative
Elizabeth Dodson,4988966520,103219.36,66026.38,PENDING,resistant
Diana Gonzales,1713181014,162681.82,81697.18,PENDING,delayed
Glenda Davis,6738242424,56708.74,18867.98,PENDING,cooperative
Douglas Hammond,0992321237,90261.17,50638.5,PENDING,resistant
Wayne Watson,4950285053,289725.33,192513.92,PENDING,delayed
Jennifer Vega,4159912817,29446.83,17339.92,PENDING,high_risk
Dustin Zuniga,4855136376,72069.34,27780.76,PENDING,resistant
Kara Mejia,5225137212,129117.29,60183.02,PENDING,delayed
Steven Watkins,6451699633,35946.24,14290.06,PENDING,cooperative
Kenneth Schroeder,2063828679,83337.92,55704.43,PENDING,resistant
Barbara Cunningham,0605086146,35875.15,13941.58,PENDING,delayed
Bobby Garcia,0636524940,88588.98,46067.54,PENDING,delayed
Michael Murphy,9993056074,183187.47,85708.81,PENDING,cooperative
Amy Shields,8425385493,28618.34,10183.09,PENDING,high_risk
Sandy Browning,2368947340,31714.14,21247.86,PENDING,delayed
Geoffrey Weber,8570111813,282930.54,134385.67,PENDING,delayed
Michael Perkins,9763709237,205231.55,121145.41,PENDING,delayed
Luke Barry,4622657432,228404.03,117705.5,PENDING,cooperative
Jon Blackwell,5154308977,70158.32,32066.3,PENDING,cooperative
Jordan Mitchell,4551650024,185541.49,111279.51,PENDING,delayed
Carrie Vaughn,3008946056,134159.77,88360.98,PENDING,cooperative
Christina Conway,8430865292,195428.66,116179.83,PENDING,resistant
Russell Wilson,1079395883,23159.05,7731.45,PENDING,delayed
Cory Burch,7864302001,298111.93,106238.28,PENDING,cooperative
Lawrence Cole,9789644564,100193.53,40165.91,PENDING,cooperative
Ashley Barnes,9958537120,92939.45,54973.24,PENDING,cooperative
Gary Flores,3738658188,235631.67,108946.14,PENDING,cooperative
Alex Perez,3828868416,175332.24,97920.35,PENDING,delayed
Mr. Cameron Henderson,3636080459,258987.93,119737.52,PENDING,cooperative
Brandon Adams,8525054658,150170.68,84294.28,PENDING,high_risk
Kevin Sanchez,7785441447,207631.72,134562.07,PENDING,delayed
Denise Ruiz,1537003144,283866.12,107230.45,PENDING,high_risk
Erika Young,3429037698,249630.81,101000.69,PENDING,delayed
Carol Schultz,8822349280,98152.87,55676.04,PENDING,high_risk
Warren Martinez,0672766912,227984.12,144836.02,PENDING,cooperative
Donna Peters,1396341130,263071.34,84793.21,PENDING,cooperative
Brian Michael,7135728590,34781.2,21604.57,PENDING,cooperative
Zachary Wade,1486164443,257510.6,97991.65,PENDING,cooperative
Stephanie Webb,3651639687,206381.14,80406.58,PENDING,resistant
Kevin Bean,2876396531,147376.33,95289.28,PENDING,resistant
Gary Miles,9439050418,189793.85,87174.37,PENDING,resistant
Theodore Pierce,3750932775,132605.72,85696.75,PENDING,cooperative
Jacob Bailey,6178999022,60789.63,41949.65,PENDING,cooperative
Ashley Ferguson,9780250108,78531.31,52217.61,PENDING,cooperative
Leslie Foster,2835520578,109992.88,53179.99,PENDING,high_risk
William Green,1285906752,295402.4,148093.33,PENDING,delayed
Ryan Romero,3882604110,279389.01,93389.24,PENDING,resistant
Theodore Clark,2370308220,260208.33,122383.39,PENDING,delayed
Mary Jones,4459420470,139438.81,84780.27,PENDING,cooperative
Julia Sharp,3923116954,9584.37,4376.62,PENDING,high_risk
Candace Carlson,0868583928,15706.08,10593.06,PENDING,cooperative
Victoria Spears,9260843859,40032.23,19209.06,PENDING,resistant
Anthony Alvarado,8307476553,61732.17,36225.16,PENDING,cooperative
Julie Fowler,7421478632,151734.65,72286.54,PENDING,high_risk
Michelle Oneal,7059549215,163062.92,83946.14,PENDING,resistant
Kevin Scott,7461547940,142887.3,43906.1,PENDING,delayed
Benjamin Riddle,9063608463,290832.82,110254.41,PENDING,cooperative
Michael Jones,3891252271,123858.21,47522.29,PENDING,delayed
Jessica Hammond,6762229211,232408.21,76067.12,PENDING,delayed
Ryan Kennedy DDS,5954305402,133952.26,89486.6,PENDING,delayed
Mr. Jerry Mendoza,0587439170,46846.68,17474.22,PENDING,cooperative
Hannah Hansen,0711688001,291610.69,143728.52,PENDING,delayed
Kevin Young,4603912756,91754.5,52846.85,PENDING,delayed
Isabella Martinez,3648819925,289350.93,179462.1,PENDING,resistant
Colin Goodman,5733119415,10240.46,6784.49,PENDING,resistant
Paige Schwartz,2334940807,294932.23,119818.25,PENDING,cooperative
Benjamin Allen,2077322457,168266.27,60837.76,PENDING,resistant
Brian Medina,4348439987,181147.52,89943.98,PENDING,resistant
Jeff Marquez,1275613304,231422.85,139965.65,PENDING,delayed
Eric Kennedy,9334812996,252164.59,157943.01,PENDING,cooperative
Catherine Williams,4632497631,21365.98,10897.0,PENDING,cooperative
William Adams,5621563448,19145.17,10386.39,PENDING,resistant
Dylan Griffin,7785855067,287745.91,146316.35,PENDING,cooperative
Sarah Garrett,3605955927,278994.13,100722.49,PENDING,cooperative
Jennifer Arellano,2426765602,102388.55,45392.5,PENDING,resistant
Wanda Munoz,2665952964,287665.59,197818.08,PENDING,delayed
Kristin Smith,3916951390,160207.31,54737.53,PENDING,resistant
James Ramirez,6448031580,276223.66,171736.42,PENDING,cooperative
Cynthia Gray,0042521930,60718.68,37368.86,PENDING,cooperative
Jamie Hall,6886780763,235686.81,125531.65,PENDING,cooperative
Christopher Jones,5537745191,226917.27,119577.34,PENDING,cooperative
Daniel Garcia,8804172950,37027.16,18344.12,PENDING,delayed
Martha Graham,3527802894,203962.01,71587.83,PENDING,cooperative
Tiffany Sanders,6705970401,194515.0,83491.73,PENDING,high_risk
Michael Brown,1709952827,217413.2,79503.99,PENDING,cooperative
Robert Mitchell,1710194703,157243.74,89200.27,PENDING,cooperative
Michelle Hanson,1080088417,68469.96,38914.75,PENDING,high_risk
Jeff Shelton,0453285383,139286.4,89301.96,PENDING,cooperative
Fred Diaz,0527104873,109384.77,69276.01,PENDING,delayed
Joshua Berry,4926390316,44283.19,15897.88,PENDING,cooperative
Mckenzie Trevino,4986208031,294601.84,100590.04,PENDING,resistant
Joshua Griffin,8841904057,92297.04,37291.75,PENDING,delayed
Stacy Bell,8145669041,136083.54,93693.83,PENDING,high_risk
Joseph Booker,3122224518,149484.1,48145.93,PENDING,cooperative
Jodi Reynolds,1630120126,219652.1,98268.8,PENDING,resistant
Terrance Mcgee,2594737378,258549.62,174965.93,PENDING,high_risk
Brian Mccarthy,7330292549,254802.99,166217.87,PENDING,cooperative
Alicia Wilcox,9050168998,252098.28,174278.78,PENDING,delayed
Dawn Nguyen,3576990883,34508.66,16245.5,PENDING,resistant
Kristine Anderson,0167001259,226288.89,68132.03,PENDING,cooperative
Jason Smith,9007667392,251754.67,176194.65,PENDING,cooperative
Zachary Miller,7052157587,77476.62,44696.69,PENDING,cooperative
Todd Robertson,0875371942,94247.37,50400.62,PENDING,delayed
Lisa Ayala,2076683570,162042.13,92366.62,PENDING,resistant
Mary Hill,4379112893,24014.62,16601.85,PENDING,cooperative
Kristin Briggs,3279437006,164313.55,52274.84,PENDING,high_risk
Sherry Roberts,2579767972,283451.2,133558.75,PENDING,cooperative
Ryan Mendoza,2513427269,196724.84,82136.88,PENDING,delayed
Mark Murphy,6932255656,60820.33,40689.83,PENDING,high_risk
Gary Scott,2082912559,102355.01,47648.08,PENDING,cooperative
Kathryn Smith,4849514197,278481.73,154221.36,PENDING,high_risk
Christopher Edwards,9184606880,126647.31,65297.17,PENDING,resistant
David Thompson,9037352816,286070.11,137107.15,PENDING,delayed
Curtis Barber,9073520308,193707.77,73081.41,PENDING,delayed
Shannon Ellis,5946042024,91859.41,48222.52,PENDING,delayed
Sheena Hall,4269159987,223538.22,109756.15,PENDING,resistant
Karen Hunt,5694460240,39241.49,18095.96,PENDING,cooperative
Rebecca Rodriguez,7310889324,274585.64,131192.01,PENDING,delayed
Dakota Blanchard,1809363111,126308.95,71575.35,PENDING,cooperative
Connie Adams,1331328319,284217.15,147185.51,PENDING,cooperative
Madison Jones,8886408580,97245.86,43251.1,PENDING,resistant
Jeffrey Perez,9829750464,298433.16,110079.11,PENDING,delayed
Kyle Martinez,7117261772,231722.46,122327.58,PENDING,resistant
Bridget King,4686354998,164881.95,95013.56,PENDING,delayed
Troy Simmons,3770766835,274220.89,164509.47,PENDING,cooperative
James Roman,4778675012,206829.34,138318.26,PENDING,cooperative
Diana Garner,9888187879,69543.4,43951.65,PENDING,delayed
Veronica Pearson,6537178936,175150.22,106700.25,PENDING,delayed
Thomas Cook,7740295813,177636.9,115657.66,PENDING,cooperative
Kimberly Monroe,5985021656,137918.96,92848.55,PENDING,delayed
Shelley Christensen,7530362392,12282.15,6650.57,PENDING,delayed
Joe Smith,0327618599,246383.6,96014.91,PENDING,delayed
Mary Obrien,3184471240,8687.19,5330.61,PENDING,resistant
Sarah Johnson,1965365581,101291.77,49552.6,PENDING,delayed
Greg Martin,3577378162,32307.48,13243.91,PENDING,delayed
Michael Rodgers,2758413783,198847.83,115463.46,PENDING,cooperative
Brian Guerrero,2370181447,252608.27,148845.28,PENDING,resistant
Daniel Dixon,5795636762,145065.44,84694.57,PENDING,cooperative
Ann Reyes,4349794412,66280.85,45467.52,PENDING,cooperative
Evelyn Chapman,0758431864,24479.09,12609.49,PENDING,resistant
Patricia Petersen,3856128834,197583.89,134233.08,PENDING,resistant
Cynthia Daniels,8282228306,165758.15,94637.57,PENDING,cooperative
Pamela Kelly,3733388950,57162.46,19415.57,PENDING,cooperative
Jennifer Clark,6282380725,147663.07,88151.09,PENDING,delayed
Anthony Thomas,4958884308,203341.97,112728.04,PENDING,cooperative
Thomas Horton,0541587400,228085.23,72347.87,PENDING,delayed
Brian Garcia,1479687982,93598.6,55156.7,PENDING,resistant
Christy Mills,3461045400,154839.58,89307.12,PENDING,delayed
Tammy Jones,1731845242,7780.12,3257.72,PENDING,cooperative
Alexander Smith,4160422033,166876.93,56731.53,PENDING,delayed
David Hill,9120349172,286051.44,116124.87,PENDING,cooperative
Jacob Watson,8295411233,169669.21,104451.08,PENDING,resistant
James Davis,2000824463,230354.22,131456.23,PENDING,cooperative
Carrie Morris,4587332033,60571.59,19701.53,PENDING,cooperative
Dean Schmidt,8123754516,222066.87,66623.68,PENDING,cooperative
